{"type":"Feature","properties":{"MUN":"LONG BEACH TWP","COUNTY":"OCEAN","MUN_LABEL":"Long Beach Township","MUN_TYPE":"Township","NAME":"Long Beach Township","GNIS_NAME":"Township of Long Beach","partNames":["Long Beach Township S","Long Beach Township W","Long Beach Township E","Long Beach Township N"]},"geometry":{"type":"MultiPolygon","coordinates":[[[[-74.262442,39.5310293],[-74.2624752,39.5309997],[-74.2625945,39.5308251],[-74.2626188,39.5308133],[-74.2626609,39.5308105],[-74.2626626,39.5308106],[-74.2632062,39.531013],[-74.2632154,39.5310095],[-74.2632307,39.5310036],[-74.2632342,39.5310017],[-74.26336,39.5309466],[-74.2633912,39.530933],[-74.2634202,39.5309177],[-74.2634646,39.5308871],[-74.2634876,39.5308647],[-74.2635182,39.5308434],[-74.2635518,39.5308222],[-74.2635824,39.5308093],[-74.2636389,39.5307941],[-74.2636802,39.5307847],[-74.2637183,39.5307765],[-74.2637535,39.5307671],[-74.2637855,39.5307672],[-74.2638191,39.5307672],[-74.2638527,39.5307685],[-74.2638756,39.5307685],[-74.2639016,39.5307638],[-74.2639153,39.5307556],[-74.2639321,39.5307474],[-74.2639612,39.5307261],[-74.2639872,39.5307097],[-74.2640163,39.5306967],[-74.2640866,39.5306685],[-74.2642761,39.5305802],[-74.2646583,39.5304108],[-74.2648754,39.5303025],[-74.2650833,39.5301918],[-74.2653929,39.5300199],[-74.2656537,39.5297793],[-74.265931,39.5296013],[-74.266014,39.5295574],[-74.2660594,39.5295177],[-74.2661068,39.5294811],[-74.2661542,39.5294414],[-74.2662017,39.5294017],[-74.2662511,39.5293731],[-74.2663047,39.5293382],[-74.2663398,39.5293001],[-74.2663674,39.5292719],[-74.266375,39.5292666],[-74.2664259,39.5292164],[-74.2664512,39.5291952],[-74.2664945,39.5291602],[-74.2665378,39.5291332],[-74.2665636,39.5290998],[-74.2665876,39.5290569],[-74.2666154,39.5290294],[-74.2666482,39.5290061],[-74.2666854,39.5289743],[-74.2667307,39.5289425],[-74.2667719,39.5289123],[-74.2668173,39.5288774],[-74.2668586,39.5288456],[-74.2668916,39.5288138],[-74.2669369,39.5287789],[-74.2669926,39.528744],[-74.2670451,39.5287043],[-74.2670843,39.528682],[-74.2671111,39.5286598],[-74.2671585,39.5286249],[-74.2672059,39.5285899],[-74.267272,39.5285263],[-74.2673132,39.5284818],[-74.2673483,39.528458],[-74.2673833,39.5284422],[-74.2674224,39.5284184],[-74.2674493,39.528385],[-74.267472,39.5283404],[-74.2674887,39.5282943],[-74.2675135,39.5282338],[-74.2675506,39.5282068],[-74.2675919,39.5281798],[-74.2676496,39.5281385],[-74.267729,39.5280606],[-74.2677785,39.5280273],[-74.2678074,39.5279923],[-74.2678178,39.5279493],[-74.2678323,39.5279271],[-74.2678468,39.5279032],[-74.2679128,39.5278396],[-74.2679438,39.5277967],[-74.2679995,39.5277331],[-74.2680687,39.5276313],[-74.2680956,39.5275932],[-74.268139,39.5275423],[-74.2681864,39.5275073],[-74.2682412,39.5274246],[-74.2682742,39.5273705],[-74.2683217,39.5273181],[-74.2684021,39.5272593],[-74.2685011,39.5271895],[-74.2685423,39.527164],[-74.2685753,39.5271338],[-74.2685939,39.5271068],[-74.2686104,39.5270766],[-74.2686477,39.5270018],[-74.2686921,39.5269382],[-74.2687128,39.5269016],[-74.2687809,39.5268253],[-74.2688304,39.5267808],[-74.2689088,39.5266997],[-74.2689542,39.5266537],[-74.2690078,39.5266108],[-74.2690553,39.5265599],[-74.2690821,39.5265297],[-74.269109,39.5264947],[-74.2691276,39.5264533],[-74.2691359,39.5264374],[-74.2691545,39.5264136],[-74.2691834,39.5263866],[-74.2692081,39.5263627],[-74.2692236,39.5263468],[-74.2692484,39.5263182],[-74.2692628,39.5262975],[-74.2692855,39.5262705],[-74.2693041,39.5262546],[-74.2693248,39.5262324],[-74.2693433,39.5262085],[-74.2693578,39.5261894],[-74.2693702,39.5261656],[-74.2693827,39.5261305],[-74.2693951,39.5261051],[-74.2694095,39.5260924],[-74.2694219,39.5260813],[-74.2694322,39.5260701],[-74.2694467,39.5260574],[-74.2694632,39.5260431],[-74.2694756,39.5260256],[-74.26949,39.5260065],[-74.2695045,39.5259843],[-74.2695189,39.5259652],[-74.2695272,39.5259461],[-74.2695335,39.5259302],[-74.2695541,39.5259031],[-74.2695551,39.5259032],[-74.2695799,39.5258729],[-74.2696068,39.5258395],[-74.2696316,39.525803],[-74.2696584,39.5257616],[-74.2696668,39.525717],[-74.2696813,39.5256757],[-74.269702,39.5256391],[-74.2697371,39.5255914],[-74.2697784,39.5255564],[-74.2698093,39.5255358],[-74.2698402,39.525504],[-74.2698609,39.525469],[-74.2698857,39.5254324],[-74.2699022,39.5254085],[-74.2699167,39.5253895],[-74.2699374,39.525364],[-74.2699539,39.5253481],[-74.2699683,39.5253291],[-74.2699787,39.5253052],[-74.269987,39.5252718],[-74.2699995,39.5252399],[-74.2700139,39.5252161],[-74.2700305,39.5251922],[-74.2700449,39.5251684],[-74.2700532,39.5251461],[-74.2700574,39.5251397],[-74.2700863,39.5251],[-74.270111,39.5250761],[-74.2701461,39.5250475],[-74.2701915,39.5250142],[-74.270306,39.5248886],[-74.2703576,39.5248377],[-74.2703988,39.5247932],[-74.270438,39.5247567],[-74.2704587,39.5247248],[-74.2704794,39.5246962],[-74.2705062,39.524658],[-74.2705229,39.5245976],[-74.2705498,39.5245562],[-74.270591,39.5245197],[-74.2706198,39.5245022],[-74.2706312,39.5244911],[-74.2706478,39.5244561],[-74.2706499,39.524437],[-74.2706767,39.5244036],[-74.2707076,39.5243829],[-74.2707427,39.5243607],[-74.2707633,39.5243384],[-74.270786,39.5243098],[-74.2708149,39.5242844],[-74.2708417,39.5242685],[-74.2708705,39.5242543],[-74.2709077,39.5241986],[-74.2709181,39.5241747],[-74.2709306,39.5241301],[-74.2709533,39.5241079],[-74.2709677,39.524092],[-74.2709945,39.5240666],[-74.271011,39.5240427],[-74.27104,39.5239982],[-74.2710689,39.5239664],[-74.2710957,39.5239505],[-74.2711472,39.5239251],[-74.2711801,39.5238997],[-74.2712163,39.5238393],[-74.2712617,39.5238011],[-74.2712844,39.5237757],[-74.2712989,39.5237423],[-74.271332,39.5236882],[-74.2713608,39.5236612],[-74.2713938,39.5236358],[-74.2714207,39.5236056],[-74.2714413,39.5235817],[-74.2714681,39.5235499],[-74.271495,39.5235117],[-74.2715322,39.5234688],[-74.2715487,39.523445],[-74.2715673,39.5234131],[-74.2716085,39.5233798],[-74.2716415,39.5233528],[-74.2716889,39.5233178],[-74.2717158,39.5232876],[-74.2717901,39.5232002],[-74.2717891,39.5231954],[-74.271853,39.523135],[-74.2719087,39.5230778],[-74.2719623,39.5230317],[-74.2720036,39.5229983],[-74.2720366,39.5229666],[-74.2720634,39.5229332],[-74.2720944,39.5228998],[-74.272114,39.5228712],[-74.272147,39.5228457],[-74.2721676,39.5228314],[-74.2722109,39.5227853],[-74.2722625,39.5227249],[-74.2723555,39.5226041],[-74.2724278,39.5225055],[-74.2725466,39.5223305],[-74.2725735,39.5222796],[-74.2725983,39.5222287],[-74.2726293,39.5221794],[-74.2726706,39.5221428],[-74.2727077,39.5221206],[-74.2727078,39.5221205],[-74.272708,39.5221204],[-74.2727674,39.5220873],[-74.2728107,39.5220603],[-74.2728273,39.5220221],[-74.2728316,39.5219505],[-74.272833,39.5219333],[-74.2728359,39.5218995],[-74.2728576,39.521847],[-74.2728721,39.5218199],[-74.2729051,39.5217882],[-74.2729319,39.5217643],[-74.2729649,39.5217341],[-74.2729938,39.521696],[-74.2730228,39.5216514],[-74.2730455,39.5216244],[-74.2730826,39.5215974],[-74.2731073,39.5215831],[-74.2731279,39.5215704],[-74.2731568,39.5215514],[-74.2731671,39.5215259],[-74.2731672,39.5214988],[-74.2731673,39.5214749],[-74.2731674,39.5214415],[-74.2731696,39.5214065],[-74.2731799,39.5213826],[-74.2732067,39.5213667],[-74.2732201,39.5213572],[-74.273251,39.521335],[-74.2732799,39.5213063],[-74.2732965,39.5212793],[-74.2733315,39.5212555],[-74.2733603,39.5212396],[-74.2733851,39.5212078],[-74.2733996,39.5211871],[-74.2734058,39.5211601],[-74.273408,39.5211187],[-74.2734164,39.5210773],[-74.2734309,39.5210486],[-74.2734557,39.5210152],[-74.2734927,39.5209898],[-74.2735195,39.5209676],[-74.2735402,39.5209437],[-74.2735877,39.5208785],[-74.2737537,39.5207323],[-74.273829,39.5206672],[-74.2738434,39.5206433],[-74.2738723,39.5206211],[-74.2739012,39.5205909],[-74.2739155,39.5205787],[-74.2739441,39.5205469],[-74.2739445,39.5205464],[-74.2739714,39.5205066],[-74.2739922,39.5204933],[-74.2740324,39.5204484],[-74.2740383,39.5204418],[-74.2741147,39.5203438],[-74.2741626,39.5202822],[-74.2741633,39.5202808],[-74.2741655,39.5202426],[-74.2741738,39.5202172],[-74.2741986,39.520187],[-74.2742275,39.5201615],[-74.2742542,39.5201472],[-74.2742656,39.5201396],[-74.2743058,39.5201123],[-74.274345,39.5200758],[-74.2743986,39.5200074],[-74.2744307,39.5199453],[-74.2744596,39.519904],[-74.2744741,39.5198706],[-74.2745113,39.5198324],[-74.2745546,39.5197927],[-74.2746082,39.519753],[-74.2746453,39.5197244],[-74.2746742,39.5196878],[-74.274701,39.5196544],[-74.2747381,39.519629],[-74.2747649,39.5196131],[-74.2747938,39.5195877],[-74.2748164,39.5195686],[-74.2748453,39.5195464],[-74.2748742,39.5195242],[-74.2749,39.5194908],[-74.2749186,39.5194669],[-74.2749577,39.5194399],[-74.2749969,39.5194177],[-74.2750216,39.5193954],[-74.275034,39.51937],[-74.2750403,39.519335],[-74.2750507,39.5193],[-74.2750775,39.5192729],[-74.2751084,39.5192539],[-74.2751435,39.5192301],[-74.2751806,39.5192031],[-74.2751826,39.5192047],[-74.2752115,39.5191824],[-74.2752403,39.519157],[-74.2752754,39.5191363],[-74.2753001,39.5191205],[-74.275331,39.519103],[-74.2753711,39.5190824],[-74.2753897,39.5190681],[-74.2754042,39.519049],[-74.2754207,39.5190188],[-74.2754331,39.5190013],[-74.275464,39.518979],[-74.2754888,39.5189616],[-74.2755114,39.5189521],[-74.2755422,39.5189521],[-74.2755669,39.5189522],[-74.2755854,39.5189474],[-74.275606,39.5189331],[-74.2756205,39.5189156],[-74.2756309,39.518887],[-74.2756556,39.5188584],[-74.2756886,39.5188266],[-74.2757423,39.5187662],[-74.2757774,39.5187248],[-74.275829,39.5186628],[-74.2759332,39.5185547],[-74.2760198,39.5184641],[-74.2760528,39.5184339],[-74.2761002,39.518407],[-74.2761537,39.5183927],[-74.2761928,39.5183832],[-74.2762546,39.5183642],[-74.2763081,39.5183389],[-74.276337,39.5183134],[-74.2763658,39.5182896],[-74.2763968,39.5182642],[-74.2764318,39.518234],[-74.2764463,39.5182117],[-74.2764711,39.5181751],[-74.2765186,39.5181131],[-74.2765455,39.518059],[-74.2765631,39.5180129],[-74.2765879,39.5179667],[-74.2766065,39.5179301],[-74.2766374,39.5179063],[-74.2766602,39.5178793],[-74.276757,39.5178062],[-74.2768168,39.517749],[-74.2769241,39.5176521],[-74.2769231,39.5176505],[-74.276989,39.5176076],[-74.2770653,39.5175504],[-74.277156,39.5174773],[-74.277222,39.5174122],[-74.2772488,39.5173835],[-74.2772715,39.5173581],[-74.2772921,39.5173295],[-74.2773107,39.5173008],[-74.2773273,39.5172754],[-74.2773562,39.5172468],[-74.2773809,39.5172134],[-74.2774336,39.517137],[-74.2774646,39.5170925],[-74.2774832,39.5170687],[-74.2775121,39.5170385],[-74.2775306,39.5170178],[-74.2775369,39.5170003],[-74.2775431,39.516978],[-74.2775535,39.5169509],[-74.2775576,39.5169414],[-74.27757,39.5169239],[-74.2775886,39.5169064],[-74.2776009,39.5168889],[-74.2776092,39.5168635],[-74.2776217,39.5168364],[-74.2776382,39.5168094],[-74.2776485,39.516795],[-74.277663,39.5167776],[-74.2776815,39.5167649],[-74.2777001,39.5167553],[-74.2777207,39.5167426],[-74.2777444,39.5167236],[-74.2777711,39.5167125],[-74.2777918,39.5166854],[-74.2778063,39.51666],[-74.2778578,39.5166187],[-74.2779145,39.516579],[-74.2779599,39.5165329],[-74.2779908,39.5165011],[-74.2780156,39.5164756],[-74.2780342,39.516447],[-74.2780528,39.5164072],[-74.2780755,39.5163738],[-74.2780879,39.5163468],[-74.2781086,39.516315],[-74.2781478,39.5162768],[-74.2781726,39.5162482],[-74.2781727,39.5162116],[-74.2782109,39.5161591],[-74.2782667,39.5160589],[-74.2783121,39.5160032],[-74.2783389,39.5159778],[-74.2783739,39.5159556],[-74.2783987,39.5159381],[-74.278409,39.5159126],[-74.2784112,39.5158951],[-74.2784174,39.5158744],[-74.2784442,39.5158617],[-74.2784483,39.5158538],[-74.2784751,39.5158363],[-74.2785142,39.5158141],[-74.2785451,39.5157982],[-74.2785596,39.5157791],[-74.27857,39.5157393],[-74.2785845,39.5157107],[-74.2786175,39.5156805],[-74.2786401,39.5156551],[-74.2786525,39.515636],[-74.278665,39.5155962],[-74.2786857,39.5155676],[-74.2787166,39.5155501],[-74.2787474,39.5155422],[-74.2787701,39.5155263],[-74.2787763,39.5155072],[-74.2787825,39.5154881],[-74.278799,39.515477],[-74.2788258,39.5154611],[-74.2788454,39.5154389],[-74.2788743,39.5154071],[-74.2789176,39.5153594],[-74.2789506,39.515334],[-74.2789754,39.5153085],[-74.2790187,39.515264],[-74.2790435,39.5152258],[-74.2790723,39.5152036],[-74.2790971,39.5151845],[-74.2791156,39.5151623],[-74.2791322,39.51514],[-74.2791507,39.5151209],[-74.2791713,39.5151066],[-74.2791961,39.5150971],[-74.2792146,39.5150892],[-74.2792208,39.5150765],[-74.2792229,39.5150446],[-74.2792251,39.5150207],[-74.2792334,39.5149969],[-74.2792479,39.5149698],[-74.2792582,39.5149555],[-74.2792746,39.5149492],[-74.2792952,39.5149508],[-74.2793096,39.5149572],[-74.2793199,39.5149572],[-74.2793301,39.5149572],[-74.2793342,39.5149572],[-74.2793425,39.5149493],[-74.2793446,39.5149397],[-74.2793446,39.514927],[-74.2793406,39.5149095],[-74.2793406,39.514892],[-74.2793407,39.5148744],[-74.2793428,39.5148601],[-74.279349,39.5148442],[-74.2793531,39.5148283],[-74.2793676,39.5148108],[-74.279381,39.5148013],[-74.2794181,39.5147679],[-74.2794532,39.5147265],[-74.2794928,39.5146468],[-74.27954,39.5145977],[-74.2795751,39.5145645],[-74.2796171,39.5145013],[-74.2796295,39.5144811],[-74.2796584,39.5144568],[-74.2797092,39.5144282],[-74.2797298,39.5144208],[-74.2797518,39.5144166],[-74.2798383,39.5143764],[-74.2798479,39.514369],[-74.279848,39.5143551],[-74.2798453,39.5143403],[-74.2798221,39.5143062],[-74.2798221,39.5142946],[-74.2798235,39.5142882],[-74.2798538,39.514267],[-74.2798757,39.5142596],[-74.279932,39.5142533],[-74.2799594,39.514246],[-74.27998,39.514229],[-74.2800256,39.5141654],[-74.28004,39.5141368],[-74.2800648,39.5141082],[-74.2800834,39.5140891],[-74.2800999,39.5140589],[-74.2801103,39.514035],[-74.280133,39.5140048],[-74.2801578,39.5139714],[-74.2802434,39.5138792],[-74.280262,39.5138538],[-74.2802641,39.5138283],[-74.2802703,39.5138012],[-74.2803033,39.5137758],[-74.2803404,39.5137424],[-74.2803652,39.5137138],[-74.2803776,39.5136868],[-74.2804003,39.5136597],[-74.2804189,39.5136359],[-74.280456,39.5136073],[-74.2804686,39.5135745],[-74.2806159,39.5134486],[-74.2807498,39.5133514],[-74.2807787,39.513326],[-74.280789,39.5133053],[-74.2807952,39.5132894],[-74.2808014,39.5132751],[-74.2808261,39.5132656],[-74.2808405,39.5132624],[-74.280857,39.5132593],[-74.2808796,39.5132497],[-74.2808982,39.5132402],[-74.2809167,39.5132243],[-74.2809353,39.5132037],[-74.2809395,39.5131846],[-74.2809478,39.5131718],[-74.2809519,39.5131591],[-74.2809601,39.5131496],[-74.2809705,39.5131416],[-74.2809931,39.5131353],[-74.281024,39.5131274],[-74.2810343,39.513121],[-74.2810817,39.5130845],[-74.2810982,39.5130575],[-74.2811209,39.513024],[-74.2811477,39.5130034],[-74.281191,39.5129796],[-74.2812662,39.5129176],[-74.2813343,39.5128397],[-74.281456,39.5127141],[-74.2815942,39.512571],[-74.2816747,39.5124868],[-74.2817283,39.5124232],[-74.2817573,39.5123691],[-74.2818306,39.5122641],[-74.2818821,39.5122196],[-74.2819254,39.5121735],[-74.2819564,39.5121401],[-74.2819955,39.5121084],[-74.2820182,39.5120925],[-74.2820512,39.5120734],[-74.2820713,39.5120735],[-74.2820979,39.512064],[-74.2821117,39.5120541],[-74.2821267,39.5120377],[-74.2821406,39.5120023],[-74.2821492,39.5119867],[-74.2821662,39.5119702],[-74.2822088,39.511944],[-74.2822248,39.5119325],[-74.2822376,39.511916],[-74.2822506,39.5118641],[-74.2822602,39.511846],[-74.2822858,39.5118238],[-74.2823422,39.5117863],[-74.2823461,39.5117825],[-74.282411,39.5117333],[-74.2824728,39.5117016],[-74.2825366,39.5116969],[-74.2825756,39.5116922],[-74.2826004,39.5116636],[-74.2826313,39.5116318],[-74.2826602,39.5116048],[-74.2826952,39.5115762],[-74.2827406,39.5115428],[-74.2827736,39.5115158],[-74.2828045,39.5114872],[-74.2828251,39.5114601],[-74.2828602,39.5114347],[-74.2828911,39.5114173],[-74.2829158,39.5113871],[-74.2829262,39.5113648],[-74.2829582,39.5113234],[-74.2829911,39.5112964],[-74.2830488,39.5112551],[-74.283088,39.5112202],[-74.2831231,39.5111884],[-74.2831787,39.5111391],[-74.2832241,39.511085],[-74.2832653,39.5110389],[-74.2833629,39.5109095],[-74.2833798,39.510899],[-74.2834426,39.510865],[-74.2834562,39.5108558],[-74.2834749,39.5108401],[-74.2834902,39.5108126],[-74.283509,39.5107366],[-74.2835142,39.5107235],[-74.2835278,39.5106999],[-74.2835618,39.5106737],[-74.2836507,39.5106417],[-74.2836745,39.510626],[-74.2837884,39.5104832],[-74.2838072,39.5104518],[-74.283814,39.5104243],[-74.2838126,39.5103403],[-74.2838143,39.5103193],[-74.2838347,39.5102957],[-74.2838806,39.510263],[-74.2839026,39.5102486],[-74.2839639,39.5101543],[-74.2839681,39.5101525],[-74.2839724,39.510142],[-74.2839786,39.5101166],[-74.2839951,39.5100927],[-74.2840155,39.5100652],[-74.2840343,39.5100482],[-74.2840491,39.5100351],[-74.2840785,39.5100009],[-74.284086,39.5099859],[-74.2840921,39.5099443],[-74.2840981,39.5099224],[-74.284155,39.5098601],[-74.2842118,39.5098163],[-74.2842994,39.509762],[-74.2843509,39.5097303],[-74.2843962,39.5097033],[-74.2844292,39.5096906],[-74.2844477,39.5096779],[-74.2844539,39.5096508],[-74.2844643,39.509627],[-74.2844993,39.5096031],[-74.2846086,39.5094918],[-74.2846622,39.5094474],[-74.2847014,39.5094156],[-74.2847179,39.5093869],[-74.2847263,39.5093567],[-74.284749,39.5093185],[-74.2847737,39.5092883],[-74.2847923,39.5092613],[-74.2848192,39.5092263],[-74.2848542,39.5091865],[-74.2848821,39.5091595],[-74.2849233,39.509123],[-74.2849645,39.5090848],[-74.2849934,39.5090562],[-74.2850573,39.5090022],[-74.2851047,39.5089577],[-74.2851336,39.5089195],[-74.2851749,39.5088622],[-74.2851956,39.5088304],[-74.285197,39.5088278],[-74.2852225,39.5087827],[-74.2852359,39.508762],[-74.2852689,39.5087334],[-74.2852978,39.5087064],[-74.285339,39.5086667],[-74.2853699,39.5086428],[-74.2854008,39.5086142],[-74.2854359,39.508592],[-74.2854606,39.5085681],[-74.2854833,39.5085363],[-74.2855081,39.5085077],[-74.2855452,39.5084759],[-74.2855699,39.5084473],[-74.2855988,39.5084091],[-74.2856319,39.5083662],[-74.2856587,39.5083344],[-74.2856681,39.5083245],[-74.2856882,39.5082745],[-74.2856991,39.5082578],[-74.2857269,39.5082435],[-74.28575,39.5082352],[-74.2858041,39.5081911],[-74.2858333,39.5081539],[-74.2858371,39.5081452],[-74.2858516,39.5080959],[-74.2858765,39.5080449],[-74.2859095,39.5079988],[-74.2859569,39.5079639],[-74.285994,39.5079448],[-74.2860373,39.5079067],[-74.2860847,39.507859],[-74.286128,39.5078097],[-74.2861661,39.5077811],[-74.2862012,39.5077557],[-74.2862424,39.5077223],[-74.2862754,39.5076874],[-74.2863166,39.507646],[-74.2863416,39.5076278],[-74.2863756,39.5076183],[-74.2864003,39.5076052],[-74.2864693,39.5074695],[-74.2865168,39.5074186],[-74.28656,39.5073837],[-74.286593,39.5073599],[-74.2866342,39.5073297],[-74.2866816,39.5073011],[-74.2867475,39.5072678],[-74.2867897,39.5072296],[-74.2868268,39.5072042],[-74.2868742,39.5071725],[-74.2869134,39.5071422],[-74.2870296,39.5071],[-74.2870501,39.507085],[-74.2871603,39.5069955],[-74.287176,39.5069824],[-74.2871954,39.5069731],[-74.2872425,39.5069619],[-74.2872594,39.5069545],[-74.28728,39.5069414],[-74.2872921,39.5069312],[-74.2873552,39.5068331],[-74.2873697,39.5068153],[-74.2874544,39.5067528],[-74.2874864,39.5067339],[-74.2875067,39.5067245],[-74.2875324,39.506715],[-74.2875654,39.5066975],[-74.2876025,39.506661],[-74.2876417,39.5066244],[-74.2876808,39.506607],[-74.2876994,39.5065959],[-74.2877302,39.506572],[-74.2877591,39.5065546],[-74.2877859,39.5065419],[-74.2878003,39.5065307],[-74.2878209,39.5065101],[-74.2878395,39.5064878],[-74.2878683,39.5064608],[-74.2878889,39.5064465],[-74.2879034,39.5064354],[-74.2879178,39.5064227],[-74.2879182,39.5064215],[-74.2879202,39.5063706],[-74.2879228,39.5063596],[-74.2879371,39.5063387],[-74.2879577,39.5063218],[-74.2879925,39.5063089],[-74.2880029,39.5062999],[-74.2880443,39.5062401],[-74.2880585,39.5062292],[-74.2880856,39.5062162],[-74.2880946,39.5062053],[-74.2880968,39.5061986],[-74.2881161,39.506141],[-74.2881316,39.506123],[-74.2881922,39.5060762],[-74.2883569,39.5059523],[-74.2883775,39.5059314],[-74.2884086,39.5058866],[-74.2884293,39.5058626],[-74.2885235,39.505789],[-74.2885822,39.5057567],[-74.2886158,39.5057098],[-74.2886352,39.5056879],[-74.2887797,39.5056004],[-74.2887966,39.5055814],[-74.2888883,39.5054838],[-74.2889089,39.5054689],[-74.2889399,39.505455],[-74.2889528,39.505444],[-74.2890517,39.505325],[-74.2890672,39.505312],[-74.2890955,39.5053031],[-74.2891136,39.5052971],[-74.2893908,39.5050474],[-74.2894104,39.5050303],[-74.2894599,39.5049921],[-74.2894847,39.5049603],[-74.2895105,39.5049078],[-74.2895395,39.5048553],[-74.2895604,39.5047995],[-74.289586,39.5047589],[-74.3019316,39.4888209],[-74.302818,39.4900701],[-74.3035096,39.4910448],[-74.3058657,39.494605],[-74.3071162,39.4967814],[-74.3087407,39.500009],[-74.3092865,39.5015503],[-74.3094592,39.5020381],[-74.3095396,39.503025],[-74.3095103,39.5032816],[-74.3092309,39.5031992],[-74.3090075,39.5031346],[-74.3088044,39.5030775],[-74.3087088,39.5030513],[-74.3086162,39.5030264],[-74.308445,39.5029803],[-74.3079659,39.5028503],[-74.3078179,39.5028108],[-74.3076847,39.5027761],[-74.3075353,39.5027383],[-74.3073951,39.5027042],[-74.3072615,39.502673],[-74.3071332,39.5026446],[-74.3070124,39.502619],[-74.3068931,39.5025943],[-74.3067752,39.5025706],[-74.3066585,39.5025479],[-74.306543,39.502526],[-74.3064286,39.5025051],[-74.3063153,39.5024851],[-74.3062031,39.502466],[-74.3060918,39.5024478],[-74.3059815,39.5024305],[-74.3058721,39.502414],[-74.3057636,39.5023984],[-74.305656,39.5023838],[-74.3055492,39.5023699],[-74.3054432,39.502357],[-74.305338,39.5023449],[-74.305177,39.5023278],[-74.3050156,39.5023122],[-74.3048539,39.5022981],[-74.3046918,39.5022856],[-74.3046246,39.5022778],[-74.3045572,39.5022711],[-74.3044898,39.5022655],[-74.3044223,39.5022609],[-74.3043635,39.5022578],[-74.3043033,39.5022555],[-74.3042418,39.5022542],[-74.3041789,39.5022536],[-74.3041144,39.502254],[-74.3040483,39.5022551],[-74.3039803,39.5022572],[-74.3039102,39.50226],[-74.3038521,39.5022631],[-74.3037927,39.5022671],[-74.3037319,39.5022718],[-74.3036695,39.5022774],[-74.3036055,39.5022839],[-74.3035394,39.5022912],[-74.303471,39.5022995],[-74.3033997,39.5023087],[-74.3033129,39.5023209],[-74.3032278,39.5023338],[-74.3031444,39.5023476],[-74.3030627,39.5023622],[-74.3029827,39.5023775],[-74.3029043,39.5023937],[-74.3028275,39.5024108],[-74.3027524,39.5024286],[-74.3026923,39.5024436],[-74.3026351,39.5024585],[-74.3025803,39.5024733],[-74.3025275,39.5024881],[-74.3024766,39.502503],[-74.3024274,39.5025182],[-74.3023798,39.5025334],[-74.3023336,39.502549],[-74.3022754,39.5025697],[-74.3022157,39.5025922],[-74.3021542,39.5026168],[-74.3020903,39.5026437],[-74.3020245,39.5026725],[-74.3019541,39.5027044],[-74.3018773,39.5027403],[-74.3017847,39.5027845],[-74.3017094,39.5028212],[-74.301635,39.5028587],[-74.3015615,39.5028969],[-74.3014889,39.5029357],[-74.3014173,39.5029751],[-74.3013468,39.5030151],[-74.3012773,39.5030558],[-74.301209,39.5030969],[-74.3011658,39.5031238],[-74.3011212,39.5031524],[-74.3010747,39.503183],[-74.3010255,39.5032163],[-74.3009371,39.5032777],[-74.3007754,39.503392],[-74.3007112,39.503437],[-74.3004736,39.503603],[-74.300262,39.5037525],[-74.3000664,39.5038926],[-74.2998833,39.5040258],[-74.2997948,39.5040911],[-74.2997086,39.5041552],[-74.2996245,39.5042184],[-74.2995423,39.5042807],[-74.299462,39.5043423],[-74.2993834,39.5044032],[-74.2993064,39.5044635],[-74.299231,39.5045233],[-74.2990499,39.5046688],[-74.2989631,39.5047395],[-74.2988784,39.5048091],[-74.2987957,39.5048776],[-74.2987149,39.5049453],[-74.298636,39.5050121],[-74.2985587,39.5050781],[-74.2984828,39.5051437],[-74.2984085,39.5052086],[-74.2983357,39.505273],[-74.2982643,39.5053368],[-74.2981943,39.5054002],[-74.2981256,39.5054632],[-74.2980582,39.5055258],[-74.2979921,39.505588],[-74.2979252,39.5056519],[-74.2978578,39.5057173],[-74.2977898,39.5057841],[-74.2977213,39.5058525],[-74.297652,39.5059226],[-74.2975819,39.5059946],[-74.2975108,39.5060686],[-74.2974384,39.5061447],[-74.2973657,39.5062221],[-74.2972914,39.5063021],[-74.2972149,39.5063852],[-74.2971358,39.506472],[-74.296968,39.5066586],[-74.2967733,39.5068781],[-74.2966742,39.5069907],[-74.2965952,39.5070814],[-74.2965243,39.5071639],[-74.2964595,39.5072405],[-74.2963852,39.50733],[-74.296311,39.5074217],[-74.2962366,39.5075157],[-74.2961619,39.507612],[-74.2960868,39.5077109],[-74.2960111,39.5078126],[-74.2959347,39.5079174],[-74.2958571,39.5080257],[-74.2957803,39.5081348],[-74.2957018,39.5082483],[-74.2956211,39.5083667],[-74.2955373,39.5084913],[-74.2954512,39.508621],[-74.2953592,39.5087611],[-74.2952589,39.5089153],[-74.2951382,39.5091022],[-74.2950351,39.5092625],[-74.294957,39.5093849],[-74.2948872,39.5094957],[-74.2948238,39.5095977],[-74.2947633,39.5096969],[-74.2947069,39.5097913],[-74.2946538,39.5098822],[-74.2946037,39.5099701],[-74.2945646,39.5100412],[-74.2945231,39.5101195],[-74.2944762,39.5102108],[-74.2943784,39.5104049],[-74.2943354,39.5104892],[-74.2942888,39.5105778],[-74.2942457,39.5106568],[-74.2942142,39.5107116],[-74.2941776,39.510772],[-74.2941399,39.510832],[-74.294039,39.5109903],[-74.2940097,39.5110375],[-74.293984,39.5110801],[-74.2939558,39.5111288],[-74.2939307,39.5111747],[-74.2939081,39.5112186],[-74.2938879,39.511261],[-74.2938658,39.5113113],[-74.2938442,39.5113642],[-74.2938229,39.5114203],[-74.2938015,39.5114806],[-74.2937826,39.5115373],[-74.2937623,39.5116009],[-74.2936881,39.5118435],[-74.2936309,39.5120273],[-74.2935923,39.5121544],[-74.2935586,39.5122701],[-74.2935296,39.5123757],[-74.2935031,39.512479],[-74.2934913,39.5125286],[-74.2934802,39.512577],[-74.29347,39.5126244],[-74.2934605,39.5126709],[-74.2934519,39.5127165],[-74.2934439,39.5127614],[-74.2934368,39.5128056],[-74.2934301,39.5128508],[-74.2934239,39.5128969],[-74.2934182,39.5129442],[-74.2934129,39.5129927],[-74.2934081,39.5130427],[-74.2933997,39.5131477],[-74.2933934,39.5132505],[-74.293388,39.5133651],[-74.2933839,39.513474],[-74.293375,39.5137455],[-74.2933719,39.5138393],[-74.2933695,39.5139338],[-74.2933678,39.5140292],[-74.2933667,39.5141254],[-74.2933663,39.5142224],[-74.2933665,39.5143203],[-74.2933674,39.5144192],[-74.293369,39.5145189],[-74.2933712,39.5146197],[-74.2933741,39.5147214],[-74.2933776,39.5148243],[-74.2933818,39.5149282],[-74.2933866,39.5150334],[-74.2933922,39.5151397],[-74.2933984,39.5152474],[-74.2934052,39.5153566],[-74.2934127,39.5154594],[-74.2934219,39.5155667],[-74.2934328,39.5156796],[-74.2934458,39.5157999],[-74.2934585,39.5159088],[-74.2934733,39.5160298],[-74.2935278,39.5164544],[-74.2935488,39.5166228],[-74.2935687,39.5167958],[-74.2935846,39.5169514],[-74.2936312,39.5174291],[-74.2936481,39.5176076],[-74.2936654,39.5178009],[-74.2936795,39.5179742],[-74.2936923,39.518153],[-74.2936975,39.5182382],[-74.2937021,39.518321],[-74.2937061,39.5184018],[-74.2937093,39.5184808],[-74.2937119,39.5185582],[-74.2937139,39.5186342],[-74.2937168,39.5187889],[-74.2937185,39.5189283],[-74.293719,39.5190583],[-74.2937183,39.5191811],[-74.2937164,39.5192993],[-74.2937132,39.519413],[-74.2937089,39.5195228],[-74.2937032,39.5196294],[-74.2936947,39.5197718],[-74.2936885,39.5198598],[-74.2936812,39.5199409],[-74.2936728,39.5200142],[-74.293666,39.5200637],[-74.2936581,39.5201148],[-74.293649,39.520168],[-74.2936387,39.5202238],[-74.2936272,39.5202816],[-74.2936141,39.5203441],[-74.2935799,39.5204979],[-74.2935547,39.5206052],[-74.2935285,39.5207104],[-74.2935013,39.5208134],[-74.293473,39.5209144],[-74.2934436,39.5210135],[-74.2934131,39.5211108],[-74.2933814,39.5212064],[-74.2933486,39.5213003],[-74.2933148,39.5213921],[-74.2932778,39.5214879],[-74.2932372,39.5215885],[-74.2931924,39.5216959],[-74.2931494,39.5217949],[-74.2931038,39.521896],[-74.2930554,39.5219994],[-74.293004,39.5221055],[-74.2929495,39.5222145],[-74.2928914,39.5223275],[-74.2928293,39.5224453],[-74.2927624,39.5225695],[-74.2926915,39.5226979],[-74.2926203,39.5228235],[-74.2925488,39.5229464],[-74.2924768,39.5230668],[-74.2924042,39.5231848],[-74.2923311,39.5233005],[-74.2922574,39.5234139],[-74.292183,39.5235252],[-74.2920907,39.5236607],[-74.2920251,39.5237547],[-74.2919939,39.5237982],[-74.2919639,39.5238391],[-74.2919348,39.523878],[-74.2919062,39.5239151],[-74.2918686,39.5239627],[-74.29183,39.5240102],[-74.2917905,39.5240578],[-74.2917501,39.5241053],[-74.2917087,39.5241528],[-74.2916664,39.5242003],[-74.2916232,39.5242478],[-74.291579,39.5242952],[-74.291534,39.5243426],[-74.291488,39.5243899],[-74.2914411,39.5244372],[-74.2913933,39.5244844],[-74.2913446,39.5245316],[-74.291295,39.5245787],[-74.2912445,39.5246257],[-74.2911931,39.5246726],[-74.2911486,39.5247126],[-74.2911028,39.5247528],[-74.2910559,39.5247933],[-74.2910077,39.5248342],[-74.2909582,39.5248754],[-74.2909073,39.5249171],[-74.290855,39.5249592],[-74.2908012,39.5250019],[-74.2907475,39.5250437],[-74.2906921,39.5250858],[-74.290635,39.5251281],[-74.2905761,39.5251708],[-74.2905153,39.5252139],[-74.2904524,39.5252576],[-74.2903873,39.5253019],[-74.2903197,39.5253471],[-74.2902517,39.5253918],[-74.2901806,39.5254377],[-74.290106,39.5254852],[-74.290027,39.5255349],[-74.2898554,39.5256409],[-74.2896254,39.5257806],[-74.289535,39.5258351],[-74.2894501,39.5258858],[-74.2893692,39.5259335],[-74.2892913,39.5259788],[-74.2892157,39.5260223],[-74.289142,39.5260639],[-74.2890701,39.5261039],[-74.2889997,39.5261425],[-74.2889402,39.5261744],[-74.2888778,39.5262074],[-74.288812,39.5262415],[-74.2887418,39.5262774],[-74.2885935,39.526352],[-74.2883526,39.5264713],[-74.2882567,39.5265185],[-74.2881587,39.5265662],[-74.2880585,39.5266144],[-74.2879558,39.5266634],[-74.287742,39.5267636],[-74.2875144,39.5268685],[-74.287283,39.5269734],[-74.2870265,39.5270881],[-74.2867495,39.5272108],[-74.2862896,39.5274134],[-74.286033,39.5275271],[-74.2859253,39.5275744],[-74.2858132,39.5276227],[-74.285712,39.5276652],[-74.2856129,39.5277059],[-74.2855142,39.5277457],[-74.2854159,39.5277846],[-74.285318,39.5278227],[-74.2852206,39.5278599],[-74.2851235,39.5278962],[-74.2850268,39.5279317],[-74.2849305,39.5279663],[-74.2847301,39.5280376],[-74.2846063,39.528081],[-74.2844914,39.5281202],[-74.2843869,39.5281546],[-74.2842832,39.5281873],[-74.2841846,39.5282167],[-74.2841369,39.5282303],[-74.2840899,39.5282432],[-74.2840437,39.5282554],[-74.2839982,39.528267],[-74.2839351,39.5282821],[-74.2838647,39.5282977],[-74.2837928,39.5283126],[-74.283598,39.5283519],[-74.2835395,39.5283644],[-74.2834871,39.5283761],[-74.283349,39.5284084],[-74.2832201,39.5284392],[-74.2830981,39.5284692],[-74.2829816,39.5284987],[-74.2828693,39.5285279],[-74.282761,39.528557],[-74.2826562,39.5285861],[-74.2825546,39.5286153],[-74.282455,39.528645],[-74.282358,39.5286749],[-74.2822635,39.5287051],[-74.2821713,39.5287357],[-74.2820813,39.5287667],[-74.2819934,39.5287981],[-74.2819075,39.5288301],[-74.2818234,39.5288625],[-74.2816721,39.5289216],[-74.2816284,39.5289392],[-74.2815896,39.5289552],[-74.2815497,39.5289723],[-74.2815127,39.5289888],[-74.2814779,39.5290051],[-74.2814451,39.5290213],[-74.2814051,39.5290424],[-74.2813619,39.5290672],[-74.2813191,39.5290931],[-74.2812055,39.5291637],[-74.2811708,39.5291842],[-74.2811392,39.5292021],[-74.2811067,39.5292197],[-74.2810725,39.5292375],[-74.2810362,39.5292557],[-74.2809974,39.5292747],[-74.2809148,39.5293134],[-74.2807458,39.5293902],[-74.2806744,39.5294233],[-74.2806002,39.5294591],[-74.2805667,39.529476],[-74.2805349,39.5294925],[-74.2804932,39.5295149],[-74.2804501,39.5295388],[-74.2804053,39.5295643],[-74.280358,39.529592],[-74.2802651,39.5296477],[-74.2800872,39.5297569],[-74.2800137,39.5298015],[-74.2799364,39.5298472],[-74.2798662,39.5298872],[-74.2798034,39.5299219],[-74.2797373,39.5299575],[-74.2796674,39.5299945],[-74.2795923,39.5300334],[-74.2794469,39.5301073],[-74.2791744,39.5302435],[-74.2790655,39.5302984],[-74.278954,39.5303555],[-74.2788545,39.5304077],[-74.2786973,39.5304919],[-74.2785381,39.5305786],[-74.2783766,39.5306678],[-74.2782123,39.5307597],[-74.2780453,39.5308545],[-74.2778747,39.5309525],[-74.2777,39.531054],[-74.2775205,39.5311596],[-74.2773441,39.5312643],[-74.2771613,39.5313739],[-74.2769704,39.5314893],[-74.2767688,39.5316121],[-74.276565,39.531737],[-74.2763404,39.5318754],[-74.2757012,39.5322713],[-74.2754162,39.5324483],[-74.2752097,39.5325774],[-74.2750237,39.5326949],[-74.2748545,39.5328032],[-74.2746728,39.5329209],[-74.2744981,39.5330351],[-74.2743295,39.5331466],[-74.2741663,39.5332556],[-74.2740078,39.5333628],[-74.2738537,39.5334682],[-74.2737036,39.5335722],[-74.2735573,39.5336749],[-74.2733335,39.5338337],[-74.2731456,39.5339684],[-74.272975,39.5340923],[-74.2728174,39.5342087],[-74.2726671,39.5343217],[-74.2725251,39.5344307],[-74.2724568,39.534484],[-74.2723901,39.5345367],[-74.272325,39.5345888],[-74.2722613,39.5346403],[-74.2721773,39.5347092],[-74.2720936,39.5347787],[-74.2720102,39.5348488],[-74.271927,39.5349195],[-74.2718443,39.5349909],[-74.2717618,39.5350629],[-74.2716797,39.5351355],[-74.2715979,39.5352086],[-74.2715164,39.5352824],[-74.2714353,39.5353567],[-74.2713546,39.5354316],[-74.2712743,39.5355071],[-74.2711943,39.5355831],[-74.2711147,39.5356597],[-74.2710356,39.5357368],[-74.2709568,39.5358144],[-74.270895,39.5358761],[-74.2708328,39.535939],[-74.2707702,39.536003],[-74.2707072,39.5360683],[-74.2706436,39.536135],[-74.2705793,39.536203],[-74.2705144,39.5362726],[-74.2704486,39.5363438],[-74.2703148,39.5364908],[-74.2701759,39.5366464],[-74.2700298,39.5368127],[-74.2698723,39.5369945],[-74.2697814,39.5371009],[-74.2696906,39.5372087],[-74.2695997,39.5373179],[-74.2695088,39.5374287],[-74.2694177,39.537541],[-74.2693266,39.537655],[-74.2692353,39.5377706],[-74.2691437,39.537888],[-74.2690519,39.5380071],[-74.2689598,39.5381281],[-74.2688673,39.5382511],[-74.2687743,39.5383761],[-74.2686807,39.5385034],[-74.2685864,39.5386329],[-74.2684913,39.538765],[-74.2683953,39.5388997],[-74.2682834,39.5390573],[-74.2682229,39.5391435],[-74.2681663,39.5392258],[-74.2681165,39.5393006],[-74.2680795,39.5393583],[-74.2680419,39.539419],[-74.2680033,39.5394833],[-74.2679631,39.5395525],[-74.2679284,39.5396137],[-74.2678904,39.539682],[-74.2677643,39.5399122],[-74.2677163,39.539999],[-74.2676674,39.5400853],[-74.2676223,39.5401628],[-74.2675847,39.5402257],[-74.2675448,39.5402911],[-74.2675022,39.5403599],[-74.2674561,39.5404332],[-74.2673688,39.5405698],[-74.2671517,39.5409061],[-74.2670921,39.5409998],[-74.267039,39.5410845],[-74.2669823,39.5411765],[-74.2669303,39.5412632],[-74.2668819,39.5413461],[-74.2668366,39.541426],[-74.2667973,39.5414977],[-74.2667572,39.5415728],[-74.2667161,39.5416522],[-74.2666732,39.541737],[-74.2666341,39.5418158],[-74.2665914,39.5419034],[-74.2664389,39.5422206],[-74.2663762,39.5423494],[-74.2663099,39.5424826],[-74.2662485,39.5426016],[-74.26618,39.5427297],[-74.2661017,39.5428722],[-74.2660265,39.5430068],[-74.2658513,39.5433175],[-74.2657687,39.5434659],[-74.2656974,39.5435967],[-74.2656339,39.5437165],[-74.2655568,39.5438656],[-74.2654751,39.5440265],[-74.2653867,39.5442031],[-74.2652822,39.5444141],[-74.265129,39.5447254],[-74.265025,39.5449385],[-74.2649315,39.5451325],[-74.2648477,39.5453096],[-74.2647673,39.545483],[-74.264693,39.5456476],[-74.2646237,39.5458054],[-74.2645589,39.5459578],[-74.264521,39.54605],[-74.2644381,39.5462564],[-74.2644007,39.5463479],[-74.2643609,39.546443],[-74.26432,39.5465389],[-74.2642782,39.5466355],[-74.2642352,39.546733],[-74.2641912,39.5468313],[-74.2641461,39.5469306],[-74.2640999,39.5470309],[-74.2640525,39.5471322],[-74.2640039,39.5472346],[-74.2639541,39.5473382],[-74.2639031,39.5474431],[-74.2638506,39.5475494],[-74.2637968,39.5476574],[-74.2637415,39.547767],[-74.2636846,39.5478785],[-74.263626,39.5479921],[-74.2635198,39.5481954],[-74.2634073,39.5484076],[-74.2632871,39.5486308],[-74.263157,39.5488697],[-74.263058,39.5490498],[-74.262949,39.549247],[-74.2624363,39.5501678],[-74.2623135,39.5503895],[-74.2622041,39.5505884],[-74.2620396,39.5508909],[-74.2619771,39.5510047],[-74.2619086,39.5511272],[-74.2618457,39.5512364],[-74.2617999,39.5513141],[-74.2617537,39.5513915],[-74.261707,39.5514688],[-74.2616597,39.5515459],[-74.261612,39.5516229],[-74.2615637,39.5516996],[-74.2615149,39.5517762],[-74.2614657,39.5518526],[-74.2561927,39.5496455],[-74.2560248,39.5495752],[-74.2557563,39.549463],[-74.2550291,39.5491637],[-74.254908,39.5491137],[-74.2548341,39.5490832],[-74.2547225,39.5490371],[-74.2544727,39.5489341],[-74.2542256,39.5488323],[-74.2539839,39.5487327],[-74.25373,39.548628],[-74.2534772,39.5485238],[-74.2532363,39.5484245],[-74.253127,39.5483795],[-74.2529708,39.5483146],[-74.2529238,39.5482952],[-74.2526614,39.5481862],[-74.2524369,39.548093],[-74.252374,39.5480669],[-74.2522656,39.5480219],[-74.2520955,39.5479513],[-74.2520607,39.5479369],[-74.2517486,39.5478073],[-74.2516486,39.5477658],[-74.2513413,39.5476383],[-74.251288,39.5476162],[-74.2511005,39.5475383],[-74.2510508,39.5475177],[-74.2503965,39.5472461],[-74.2503322,39.5472194],[-74.2500051,39.5470836],[-74.2501146,39.5470395],[-74.2501476,39.5470125],[-74.2501827,39.5469839],[-74.2502137,39.5469553],[-74.2502816,39.5469236],[-74.2503456,39.5468871],[-74.2503806,39.5468665],[-74.2504321,39.5468411],[-74.250461,39.5468141],[-74.2504729,39.5468024],[-74.2505044,39.5467712],[-74.2505519,39.5466964],[-74.2505767,39.5466678],[-74.2505933,39.5466487],[-74.2506677,39.5465533],[-74.2507317,39.5464675],[-74.2508164,39.5463864],[-74.2508638,39.5463372],[-74.2508989,39.5463022],[-74.250932,39.5462688],[-74.2509815,39.5462323],[-74.2510125,39.5461957],[-74.2510352,39.5461608],[-74.2510559,39.546121],[-74.2510787,39.5460876],[-74.251079,39.546087],[-74.2510921,39.5460559],[-74.2511089,39.546044],[-74.2511626,39.5460219],[-74.2511817,39.5460118],[-74.2511996,39.5460026],[-74.2512152,39.5459879],[-74.2512295,39.5459658],[-74.2512356,39.5459381],[-74.2512357,39.5458947],[-74.2512358,39.5458744],[-74.2512383,39.5458641],[-74.2512407,39.5458541],[-74.2513125,39.5457676],[-74.2513352,39.5457455],[-74.2513699,39.5457252],[-74.2514295,39.5457041],[-74.2514379,39.5456977],[-74.2514499,39.5456857],[-74.2514715,39.5456387],[-74.2515042,39.5455974],[-74.2515186,39.5455805],[-74.2515578,39.5455424],[-74.2515847,39.5455138],[-74.2516074,39.5454772],[-74.2516281,39.5454422],[-74.2516448,39.5453992],[-74.2516572,39.5453722],[-74.2516882,39.5453372],[-74.2517233,39.5452991],[-74.2517687,39.5452609],[-74.2517934,39.5452467],[-74.2518264,39.545226],[-74.2518615,39.5451974],[-74.2518986,39.5451625],[-74.2519296,39.5451355],[-74.2519564,39.5451069],[-74.2519832,39.5450846],[-74.2520265,39.545056],[-74.2520678,39.5450131],[-74.2520761,39.5449972],[-74.2520844,39.5449797],[-74.2520947,39.5449606],[-74.2521071,39.5449447],[-74.2521195,39.5449304],[-74.2521299,39.5449177],[-74.2521361,39.544897],[-74.2521403,39.5448811],[-74.2521424,39.5448716],[-74.2521465,39.5448588],[-74.2521568,39.5448509],[-74.2521733,39.5448446],[-74.2521857,39.544843],[-74.2521934,39.5448424],[-74.2522063,39.5448414],[-74.2522392,39.5448399],[-74.2522598,39.5448352],[-74.252268,39.5448256],[-74.2522681,39.5448097],[-74.2522682,39.5447858],[-74.2522744,39.5447556],[-74.2522972,39.544727],[-74.252324,39.5447047],[-74.2523508,39.5446857],[-74.2523859,39.5446587],[-74.2524251,39.5446158],[-74.2524417,39.5445776],[-74.2524399,39.5445407],[-74.2524564,39.5444805],[-74.2525061,39.5444025],[-74.2525557,39.5443246],[-74.2525971,39.5442658],[-74.2526404,39.5442229],[-74.2526735,39.5441847],[-74.2527374,39.5440993],[-74.2527809,39.5440591],[-74.2528015,39.5440369],[-74.2528078,39.5440098],[-74.2528141,39.5439827],[-74.2528327,39.5439573],[-74.2528512,39.543943],[-74.2528698,39.5439287],[-74.2528822,39.5439112],[-74.2528885,39.5438842],[-74.2528906,39.5438587],[-74.2528969,39.5438332],[-74.2529113,39.5438125],[-74.2529361,39.5437823],[-74.2529754,39.543733],[-74.2530064,39.5436933],[-74.2530291,39.5436583],[-74.2530519,39.5436106],[-74.2530603,39.5435819],[-74.2530748,39.5435485],[-74.2530996,39.5435215],[-74.2531264,39.5435025],[-74.2531615,39.5434659],[-74.253178,39.5434436],[-74.2531925,39.5434102],[-74.2532049,39.543388],[-74.2532215,39.5433609],[-74.253236,39.5433371],[-74.2532691,39.5432862],[-74.2532898,39.5432432],[-74.2533125,39.5432178],[-74.253329,39.5431987],[-74.2533579,39.5431733],[-74.2533889,39.5431463],[-74.2534095,39.543124],[-74.253426,39.5431002],[-74.253459,39.5430764],[-74.2534941,39.5430525],[-74.2535106,39.5430271],[-74.2535272,39.543008],[-74.2535519,39.5429905],[-74.2535828,39.5429826],[-74.2536137,39.5429636],[-74.2536344,39.5429429],[-74.2536447,39.5429159],[-74.2536634,39.5428777],[-74.2537212,39.5428237],[-74.2537858,39.5427524],[-74.2537968,39.5427443],[-74.2538863,39.5426407],[-74.2539293,39.5425641],[-74.2539337,39.5425452],[-74.2539339,39.5425073],[-74.2539368,39.542495],[-74.2539686,39.5424605],[-74.2539758,39.5424516],[-74.2539831,39.5424294],[-74.2539832,39.5424022],[-74.2539832,39.5423848],[-74.2539833,39.5423748],[-74.2539847,39.542367],[-74.2539934,39.5423558],[-74.2540744,39.5422671],[-74.2541112,39.5422268],[-74.2541994,39.5421189],[-74.2542153,39.5420966],[-74.2542805,39.5419831],[-74.2542993,39.5419541],[-74.2543224,39.5419286],[-74.2543888,39.5418719],[-74.2544177,39.5418452],[-74.2544394,39.5418185],[-74.254464,39.5417773],[-74.2544856,39.5417136],[-74.2544945,39.5416898],[-74.2545173,39.5416437],[-74.2545379,39.5416087],[-74.2545689,39.5415658],[-74.2546185,39.5415181],[-74.2546433,39.5414847],[-74.254664,39.5414465],[-74.2546702,39.5414242],[-74.2546847,39.541402],[-74.2547136,39.5413813],[-74.2547445,39.5413671],[-74.2547775,39.5413464],[-74.2548002,39.5413242],[-74.2548518,39.5412526],[-74.2548903,39.5411956],[-74.2548973,39.5411938],[-74.2549406,39.5411764],[-74.2549756,39.5411573],[-74.2550086,39.5411271],[-74.2550251,39.5411049],[-74.2550396,39.5410762],[-74.2550438,39.5410555],[-74.2550502,39.5409982],[-74.2550585,39.5409696],[-74.2550813,39.540933],[-74.255135,39.5408551],[-74.2551578,39.5408217],[-74.2551826,39.5407835],[-74.2552033,39.5407421],[-74.2552261,39.5406976],[-74.2552385,39.540669],[-74.2552655,39.5406117],[-74.2552738,39.5405814],[-74.2552821,39.5405512],[-74.2552905,39.5405178],[-74.2553029,39.5404907],[-74.2553236,39.5404701],[-74.2553545,39.5404351],[-74.2554041,39.5403779],[-74.255464,39.5403159],[-74.2554827,39.540265],[-74.2555178,39.5402189],[-74.2555673,39.5401632],[-74.2556046,39.5401139],[-74.2557469,39.5399948],[-74.2558294,39.5399185],[-74.2558604,39.5398788],[-74.2558749,39.5398565],[-74.2558935,39.5398279],[-74.255908,39.5397945],[-74.2559287,39.5397658],[-74.2559473,39.5397452],[-74.2559576,39.5397245],[-74.2559721,39.539699],[-74.2559804,39.5396768],[-74.2559929,39.5396449],[-74.2560094,39.5396195],[-74.2560301,39.5395925],[-74.2560569,39.539567],[-74.2560817,39.5395432],[-74.2561044,39.539513],[-74.2561127,39.5394891],[-74.2561211,39.5394589],[-74.2561356,39.5394175],[-74.2561521,39.5393905],[-74.2561728,39.5393634],[-74.2561893,39.5393412],[-74.2562059,39.5393157],[-74.2562245,39.5392903],[-74.2562514,39.5392521],[-74.2562761,39.5392315],[-74.2563091,39.5391981],[-74.2563628,39.5391456],[-74.2563814,39.5391202],[-74.2563959,39.5390852],[-74.2564146,39.5390279],[-74.2564704,39.5389548],[-74.2565055,39.538923],[-74.2565364,39.5389023],[-74.2565591,39.5388817],[-74.2565922,39.5388451],[-74.2566128,39.5388149],[-74.2566438,39.5387959],[-74.2566706,39.5387704],[-74.2566954,39.5387402],[-74.256714,39.5386973],[-74.256741,39.5386304],[-74.2567576,39.5385954],[-74.2567783,39.5385493],[-74.2568113,39.5385143],[-74.2568464,39.5384778],[-74.2568815,39.538438],[-74.2569002,39.5383919],[-74.2569189,39.5383298],[-74.2569314,39.53829],[-74.2569459,39.5382566],[-74.2569645,39.5382344],[-74.2569851,39.5382169],[-74.2570161,39.5381867],[-74.2570492,39.5381485],[-74.257076,39.5381088],[-74.2570993,39.538044],[-74.2571063,39.5380088],[-74.2571452,39.5379789],[-74.2571984,39.5379107],[-74.2572057,39.5379016],[-74.2572352,39.5378877],[-74.2572517,39.5378766],[-74.2572682,39.5378591],[-74.2572826,39.5378401],[-74.2572909,39.5378194],[-74.2573013,39.5378003],[-74.2573219,39.5377876],[-74.2573384,39.5377813],[-74.257359,39.5377749],[-74.2573796,39.5377638],[-74.2573981,39.5377527],[-74.2574146,39.5377352],[-74.2574332,39.5377114],[-74.2574456,39.5376907],[-74.2574601,39.5376716],[-74.257489,39.5376462],[-74.2575282,39.5376097],[-74.2575798,39.5375636],[-74.2576232,39.5375127],[-74.2576789,39.5374555],[-74.2577036,39.5374332],[-74.257714,39.5374189],[-74.2577223,39.5373967],[-74.2577471,39.537368],[-74.2578152,39.537279],[-74.2578278,39.5372249],[-74.2578639,39.5371524],[-74.2579512,39.5370358],[-74.2579665,39.5370159],[-74.2579865,39.5369716],[-74.2580358,39.5369156],[-74.2581168,39.5368216],[-74.2581856,39.5367307],[-74.2582538,39.536614],[-74.2582738,39.5365778],[-74.2583442,39.5365191],[-74.2583618,39.536502],[-74.2583724,39.5364866],[-74.258383,39.5364468],[-74.2583913,39.5364323],[-74.25849,39.5363156],[-74.2584987,39.5363053],[-74.2585787,39.5361732],[-74.258631,39.5360973],[-74.2586318,39.5360958],[-74.2586442,39.5360688],[-74.2586525,39.5360433],[-74.258667,39.536021],[-74.2586897,39.5360052],[-74.2587124,39.5359845],[-74.2587474,39.5359639],[-74.2587722,39.5359464],[-74.2587969,39.5359226],[-74.2588341,39.5358828],[-74.2588693,39.5358224],[-74.2589086,39.5357492],[-74.2589231,39.5357031],[-74.2589335,39.5356649],[-74.2589564,39.535606],[-74.2589709,39.5355821],[-74.2589935,39.5355615],[-74.2590183,39.5355456],[-74.259045,39.5355393],[-74.2590677,39.5355377],[-74.2590841,39.5355378],[-74.2591068,39.535533],[-74.2591253,39.5355187],[-74.2591377,39.5355012],[-74.2591501,39.5354838],[-74.2591523,39.5354647],[-74.2591482,39.5354455],[-74.2591421,39.53542],[-74.2591422,39.5353977],[-74.2591443,39.5353739],[-74.2591547,39.5353532],[-74.2591691,39.5353341],[-74.2591857,39.5353102],[-74.2592022,39.5352848],[-74.2592209,39.5352546],[-74.2592292,39.5352323],[-74.2592436,39.5352084],[-74.2592499,39.5351877],[-74.2592644,39.5351639],[-74.2592829,39.5351416],[-74.2593057,39.5351178],[-74.2593242,39.5350987],[-74.2593428,39.5350717],[-74.2593574,39.5350271],[-74.2593513,39.5349905],[-74.2593555,39.5349634],[-74.2593659,39.5349427],[-74.2593886,39.5349189],[-74.2594031,39.5349014],[-74.2594216,39.5348807],[-74.2594382,39.5348585],[-74.2594422,39.5348507],[-74.259482,39.5348269],[-74.2594931,39.5348119],[-74.2595029,39.5347937],[-74.2595491,39.5346384],[-74.2595547,39.5346201],[-74.2595867,39.5345559],[-74.2595896,39.5345302],[-74.2595916,39.5345116],[-74.2595958,39.534483],[-74.2595979,39.5344543],[-74.2596063,39.5344193],[-74.2596208,39.534389],[-74.2596271,39.534362],[-74.2596271,39.5343397],[-74.2596211,39.5343126],[-74.259617,39.5342839],[-74.2596109,39.5342744],[-74.2596028,39.5342505],[-74.2595967,39.5342313],[-74.2595946,39.5342154],[-74.2595947,39.5341915],[-74.2595969,39.5341708],[-74.2596052,39.5341501],[-74.2596217,39.5341326],[-74.2596402,39.5341168],[-74.259665,39.5341025],[-74.2596876,39.5340866],[-74.2597145,39.5340644],[-74.2597289,39.5340485],[-74.2597351,39.5340325],[-74.2597621,39.53398],[-74.2597765,39.5339546],[-74.2597869,39.5339244],[-74.2597952,39.5339037],[-74.2598118,39.5338814],[-74.2598242,39.5338623],[-74.2598448,39.5338353],[-74.2598593,39.533813],[-74.2598861,39.5337892],[-74.2599047,39.5337685],[-74.2599212,39.5337495],[-74.2599398,39.533724],[-74.2599543,39.5337001],[-74.2599771,39.5336429],[-74.2599916,39.5336079],[-74.2600041,39.5335776],[-74.2600351,39.5335299],[-74.2600434,39.5335188],[-74.2600578,39.5334997],[-74.260064,39.533487],[-74.2600703,39.5334631],[-74.2600765,39.5334488],[-74.2600889,39.5334297],[-74.2601013,39.5334186],[-74.2601054,39.5334122],[-74.2601116,39.5334059],[-74.2601178,39.5333931],[-74.2601261,39.5333788],[-74.2601303,39.5333677],[-74.2601447,39.5333454],[-74.260155,39.533339],[-74.2601715,39.5333359],[-74.2601797,39.5333327],[-74.2602065,39.5333089],[-74.2602189,39.5332898],[-74.2602231,39.5332691],[-74.2602274,39.5332341],[-74.2602357,39.5332102],[-74.2602502,39.5331863],[-74.2602729,39.5331593],[-74.2603038,39.533126],[-74.2603183,39.5331069],[-74.2603348,39.5330814],[-74.2603679,39.5330369],[-74.2603927,39.5329987],[-74.2604196,39.5329653],[-74.260467,39.5329145],[-74.2605126,39.5328397],[-74.260527,39.5328111],[-74.2605395,39.5327825],[-74.2605478,39.5327522],[-74.2605582,39.5327156],[-74.2605768,39.5326822],[-74.2605913,39.532652],[-74.2605914,39.5326233],[-74.2605916,39.5325867],[-74.2605899,39.5325615],[-74.2606012,39.5325161],[-74.2606127,39.53247],[-74.2606633,39.5323698],[-74.2606828,39.532351],[-74.2607104,39.5323398],[-74.2607962,39.5323324],[-74.2608481,39.5323237],[-74.2610566,39.5322332],[-74.2611338,39.5321933],[-74.2611799,39.5321695],[-74.2612059,39.5321507],[-74.2613369,39.5319999],[-74.2614206,39.5319202],[-74.261472,39.5318678],[-74.2614937,39.531854],[-74.2615969,39.5317601],[-74.2616736,39.531694],[-74.261751,39.5316443],[-74.2617638,39.5316345],[-74.2617818,39.531596],[-74.2618048,39.5315743],[-74.2618531,39.5315491],[-74.2618879,39.531531],[-74.2619262,39.5315143],[-74.2619428,39.5315035],[-74.261978,39.5314655],[-74.2619998,39.5314448],[-74.2620343,39.531433],[-74.2620484,39.5314172],[-74.2620728,39.531359],[-74.2620857,39.5313333],[-74.2621049,39.5313116],[-74.2621893,39.5312397],[-74.2622341,39.5312111],[-74.2622737,39.5311895],[-74.2622839,39.5311767],[-74.2622853,39.531146],[-74.2623199,39.5311076],[-74.2623352,39.5310977],[-74.2623557,39.5310919],[-74.262442,39.5310293]]],[[[-74.2160376,39.640551],[-74.2159826,39.6405509],[-74.2154979,39.64055],[-74.215207,39.6405505],[-74.2150677,39.6405513],[-74.2149367,39.6405525],[-74.2148119,39.6405542],[-74.2146922,39.6405563],[-74.2145695,39.6405591],[-74.2144508,39.6405624],[-74.2143355,39.6405663],[-74.2142233,39.6405708],[-74.2141137,39.6405759],[-74.2140065,39.6405815],[-74.2139014,39.6405878],[-74.2137984,39.6405948],[-74.2136079,39.640609],[-74.2134236,39.6406242],[-74.2132448,39.6406403],[-74.213071,39.6406576],[-74.2129014,39.640676],[-74.212736,39.6406955],[-74.2125743,39.6407162],[-74.2124162,39.6407382],[-74.212245,39.6407634],[-74.2120858,39.6407882],[-74.2119353,39.6408129],[-74.2117918,39.6408378],[-74.2116537,39.6408633],[-74.2115207,39.6408894],[-74.2113923,39.6409162],[-74.2112679,39.6409438],[-74.2111988,39.6409598],[-74.2111296,39.6409763],[-74.2110605,39.6409933],[-74.2109912,39.6410107],[-74.210922,39.6410286],[-74.2108527,39.6410469],[-74.2107141,39.6410849],[-74.2105756,39.6411246],[-74.2104373,39.6411661],[-74.2102992,39.6412093],[-74.2101615,39.6412542],[-74.2100378,39.6412954],[-74.2099545,39.6413235],[-74.209879,39.6413497],[-74.2098106,39.641374],[-74.2097443,39.6413985],[-74.209682,39.6414224],[-74.2096232,39.6414461],[-74.2095671,39.6414696],[-74.2095106,39.6414945],[-74.2094525,39.6415213],[-74.2093924,39.6415501],[-74.2093294,39.6415814],[-74.2092654,39.6416142],[-74.2091956,39.6416509],[-74.2091192,39.6416917],[-74.2090095,39.6417512],[-74.2089169,39.641802],[-74.208825,39.6418537],[-74.2087339,39.6419062],[-74.2086436,39.6419595],[-74.2085542,39.6420136],[-74.2084656,39.6420684],[-74.2083779,39.6421239],[-74.2082912,39.6421801],[-74.2082368,39.6422162],[-74.2081808,39.642254],[-74.208123,39.6422938],[-74.2080625,39.6423361],[-74.2079333,39.6424284],[-74.2077668,39.6425498],[-74.2077383,39.6425717],[-74.2077096,39.6425957],[-74.2076803,39.6426222],[-74.2076501,39.6426515],[-74.2076195,39.6426828],[-74.2075863,39.6427185],[-74.2075523,39.6427564],[-74.2074583,39.6428628],[-74.2074291,39.6428948],[-74.2074025,39.6429229],[-74.2073714,39.6429544],[-74.2073416,39.6429827],[-74.2073126,39.6430083],[-74.2072842,39.6430314],[-74.2072663,39.6430449],[-74.2072485,39.6430576],[-74.2072307,39.6430694],[-74.207213,39.6430804],[-74.2071951,39.6430906],[-74.2071772,39.6431001],[-74.2071592,39.6431088],[-74.2071411,39.6431168],[-74.2071229,39.643124],[-74.2071045,39.6431305],[-74.2070859,39.6431363],[-74.2070672,39.6431413],[-74.2070482,39.6431456],[-74.2070291,39.6431492],[-74.2070098,39.6431521],[-74.2069903,39.6431542],[-74.2069498,39.6431576],[-74.2069175,39.6431593],[-74.2068886,39.6431597],[-74.2068624,39.6431587],[-74.2068402,39.6431566],[-74.2068172,39.6431534],[-74.2067934,39.643149],[-74.2067687,39.6431433],[-74.2067431,39.6431365],[-74.2067163,39.6431284],[-74.2066879,39.6431189],[-74.2066569,39.6431076],[-74.2066353,39.643099],[-74.2066133,39.643089],[-74.2065907,39.6430776],[-74.206567,39.6430646],[-74.2065464,39.6430524],[-74.2065239,39.6430385],[-74.2064505,39.642991],[-74.2064235,39.6429739],[-74.2063902,39.6429528],[-74.2063574,39.6429309],[-74.2063251,39.6429083],[-74.2062933,39.6428848],[-74.2062619,39.6428606],[-74.2062311,39.6428355],[-74.2062007,39.6428096],[-74.2061707,39.6427829],[-74.2061411,39.6427553],[-74.2061119,39.6427268],[-74.206083,39.6426974],[-74.2060544,39.642667],[-74.2060261,39.6426357],[-74.2059981,39.6426033],[-74.2059702,39.6425699],[-74.2059425,39.6425352],[-74.2059191,39.642505],[-74.2058957,39.6424738],[-74.2058722,39.6424416],[-74.2058487,39.6424084],[-74.205825,39.642374],[-74.2058011,39.6423383],[-74.205752,39.6422624],[-74.2057086,39.6421923],[-74.2056614,39.6421137],[-74.2056154,39.6420355],[-74.205497,39.6418316],[-74.2054298,39.6417189],[-74.2053932,39.6416594],[-74.2053582,39.6416042],[-74.2053242,39.6415522],[-74.2052908,39.641503],[-74.2052505,39.6414459],[-74.2052103,39.6413918],[-74.2051701,39.6413403],[-74.2051296,39.6412912],[-74.2050886,39.6412442],[-74.2050471,39.6411993],[-74.2050049,39.6411564],[-74.2049621,39.6411153],[-74.2048084,39.6409726],[-74.2047582,39.6409272],[-74.2047123,39.6408868],[-74.2046653,39.6408468],[-74.2046202,39.6408099],[-74.2045762,39.6407756],[-74.2045331,39.6407435],[-74.2044568,39.6406881],[-74.204415,39.6406583],[-74.2043747,39.6406305],[-74.2043377,39.6406061],[-74.2043,39.6405828],[-74.2042638,39.640562],[-74.2042285,39.6405432],[-74.2041937,39.6405264],[-74.2041654,39.6405137],[-74.204137,39.6405016],[-74.2041087,39.64049],[-74.2040806,39.640479],[-74.2040525,39.6404686],[-74.2040247,39.6404588],[-74.203997,39.6404497],[-74.2039696,39.6404412],[-74.2039425,39.6404333],[-74.2039157,39.6404261],[-74.2038891,39.6404195],[-74.2038629,39.6404137],[-74.2038369,39.6404084],[-74.2038114,39.6404039],[-74.2037861,39.6404],[-74.2037613,39.6403967],[-74.203741,39.6403946],[-74.2037202,39.640393],[-74.2036989,39.6403919],[-74.2036768,39.6403913],[-74.2036542,39.6403911],[-74.2036307,39.6403915],[-74.2036064,39.6403923],[-74.2035811,39.6403936],[-74.2035348,39.6403971],[-74.2034829,39.6404021],[-74.2034338,39.6404077],[-74.2033249,39.6404208],[-74.2032782,39.640426],[-74.2031739,39.6404373],[-74.203088,39.6404474],[-74.2030102,39.6404577],[-74.2029385,39.6404684],[-74.2028701,39.64048],[-74.2028056,39.6404925],[-74.2027445,39.6405059],[-74.2026863,39.6405203],[-74.2026562,39.6405285],[-74.2026257,39.6405375],[-74.2025948,39.6405473],[-74.2025634,39.6405578],[-74.2025315,39.6405691],[-74.2024988,39.6405813],[-74.2024652,39.6405945],[-74.2024305,39.6406086],[-74.2023743,39.6406326],[-74.2023126,39.6406602],[-74.2022501,39.6406891],[-74.2020819,39.640768],[-74.2020308,39.6407913],[-74.2019848,39.6408117],[-74.2018684,39.6408631],[-74.2017461,39.6409184],[-74.2016183,39.6409773],[-74.2014855,39.6410398],[-74.201348,39.6411056],[-74.2012065,39.6411743],[-74.2010617,39.6412458],[-74.2009144,39.6413195],[-74.2007642,39.6413958],[-74.2006132,39.6414734],[-74.2004626,39.6415519],[-74.2003135,39.6416306],[-74.2001671,39.641709],[-74.2000247,39.6417862],[-74.1998876,39.6418617],[-74.1997571,39.6419347],[-74.1836426,39.6350469],[-74.1839306,39.6345982],[-74.1839739,39.6345085],[-74.1844576,39.6339143],[-74.1848791,39.6333809],[-74.1851998,39.6329497],[-74.1857478,39.6321605],[-74.1861675,39.6315638],[-74.1862455,39.6315428],[-74.1865219,39.6312735],[-74.1873147,39.6302134],[-74.1873217,39.6301655],[-74.1875015,39.6299474],[-74.187796,39.6295954],[-74.188513,39.6286676],[-74.1891056,39.6279049],[-74.1891391,39.6278618],[-74.1896699,39.6272004],[-74.1899264,39.6268952],[-74.19084,39.6258081],[-74.1910895,39.6254948],[-74.1913789,39.625009],[-74.1914405,39.6249331],[-74.1914417,39.6249308],[-74.1916118,39.6247188],[-74.1919627,39.6242272],[-74.1920865,39.6240289],[-74.1922764,39.6237246],[-74.1926085,39.6232833],[-74.1927078,39.6231345],[-74.1930157,39.6226731],[-74.1932011,39.6223367],[-74.1932828,39.6221884],[-74.1934746,39.6219301],[-74.1938628,39.621399],[-74.1939829,39.6212188],[-74.1941857,39.6209144],[-74.1944996,39.6203759],[-74.1945624,39.6202935],[-74.1947755,39.6200135],[-74.1951635,39.6194564],[-74.1951969,39.6193864],[-74.1957328,39.6186097],[-74.1958548,39.6184236],[-74.1958575,39.618419],[-74.1959543,39.6182537],[-74.195986,39.6181992],[-74.196181,39.6179478],[-74.1964052,39.6176141],[-74.1968625,39.6169018],[-74.1969943,39.6166999],[-74.1970346,39.6166621],[-74.1972964,39.6162571],[-74.1973761,39.6161061],[-74.1978169,39.61552],[-74.1981345,39.6150857],[-74.1986625,39.6142472],[-74.1993741,39.6131171],[-74.1995764,39.6128424],[-74.1996519,39.6126962],[-74.1996876,39.6125654],[-74.1999319,39.6122665],[-74.2000163,39.6121628],[-74.2000726,39.6120851],[-74.2001177,39.6120159],[-74.2001571,39.6119641],[-74.2002697,39.6118129],[-74.2003037,39.6117177],[-74.2003545,39.6116183],[-74.200439,39.6114713],[-74.2008337,39.6107884],[-74.2008956,39.6107107],[-74.2012963,39.6100695],[-74.2019852,39.6091291],[-74.2024969,39.6083647],[-74.2029763,39.6077054],[-74.2031004,39.607485],[-74.2031287,39.6073985],[-74.2032818,39.6069058],[-74.2037991,39.6062411],[-74.2039666,39.6059586],[-74.2041923,39.6055777],[-74.2048428,39.6044712],[-74.2050432,39.6042801],[-74.2054547,39.6037718],[-74.2056427,39.6035368],[-74.2057789,39.6033123],[-74.2058462,39.6031783],[-74.2063635,39.6025546],[-74.207373,39.601224],[-74.2083721,39.5998836],[-74.208473,39.5997692],[-74.2086706,39.5995244],[-74.2092342,39.5989098],[-74.2096445,39.5983512],[-74.2097123,39.5982881],[-74.2097697,39.5981897],[-74.2098345,39.5980746],[-74.2099655,39.5978282],[-74.2102838,39.5974513],[-74.2105572,39.5971672],[-74.2105967,39.5970992],[-74.2111125,39.5965028],[-74.2113233,39.5962593],[-74.2113712,39.5962178],[-74.2115512,39.596061],[-74.2117374,39.5958349],[-74.2118039,39.5956917],[-74.2118658,39.5955754],[-74.2126307,39.5947378],[-74.2128405,39.5944786],[-74.2133217,39.5938219],[-74.2131701,39.5937448],[-74.2145655,39.5921518],[-74.2150059,39.5915297],[-74.2150184,39.5915278],[-74.2150465,39.5915008],[-74.2150853,39.5914521],[-74.215117,39.591406],[-74.2151313,39.5913626],[-74.2151383,39.5913382],[-74.2151384,39.5913163],[-74.2156236,39.5906711],[-74.2162649,39.5898156],[-74.2166817,39.5891327],[-74.2169237,39.5887654],[-74.2176889,39.5876937],[-74.2189381,39.5859047],[-74.2194159,39.5850668],[-74.2194986,39.5850312],[-74.2195914,39.5849504],[-74.219672,39.5848266],[-74.2197338,39.5847267],[-74.2197899,39.584579],[-74.2198087,39.5844659],[-74.2222812,39.5808742],[-74.2231789,39.5795193],[-74.2236967,39.5787154],[-74.2247824,39.5771813],[-74.2252216,39.5764465],[-74.2263016,39.5748994],[-74.2266168,39.574398],[-74.2275308,39.5730584],[-74.2286711,39.5712916],[-74.2292828,39.5702576],[-74.2296533,39.56959],[-74.2667865,39.5853026],[-74.2667733,39.5854069],[-74.2667587,39.5855132],[-74.2667429,39.5856211],[-74.2667258,39.5857305],[-74.2667075,39.585841],[-74.2666881,39.5859522],[-74.2666676,39.5860638],[-74.2666461,39.5861756],[-74.2666237,39.5862871],[-74.2666003,39.5863981],[-74.2665762,39.5865081],[-74.2665512,39.586617],[-74.2665256,39.5867244],[-74.2664994,39.5868299],[-74.2664727,39.5869334],[-74.2664454,39.5870345],[-74.2664245,39.5871094],[-74.266403,39.5871847],[-74.2663807,39.5872603],[-74.2663578,39.5873363],[-74.2663341,39.5874126],[-74.2663098,39.5874893],[-74.2662848,39.5875663],[-74.2662591,39.5876437],[-74.2662057,39.5877996],[-74.2661494,39.5879569],[-74.2660904,39.5881159],[-74.2660285,39.5882764],[-74.2659872,39.5883801],[-74.265944,39.5884854],[-74.2658987,39.5885925],[-74.2658514,39.5887015],[-74.2658019,39.5888127],[-74.2657501,39.5889264],[-74.2656958,39.589043],[-74.2656388,39.5891629],[-74.265569,39.589307],[-74.2655191,39.5894082],[-74.2654668,39.5895131],[-74.2653529,39.5897375],[-74.2652791,39.5898811],[-74.2652214,39.5899917],[-74.2651682,39.5900913],[-74.2651181,39.5901825],[-74.2650461,39.5903107],[-74.2649832,39.5904197],[-74.264924,39.590519],[-74.2648672,39.5906109],[-74.264826,39.5906751],[-74.2647823,39.5907413],[-74.2647357,39.59081],[-74.2646856,39.5908821],[-74.264633,39.590956],[-74.264575,39.5910364],[-74.2645101,39.591125],[-74.2644234,39.5912422],[-74.2643157,39.5913861],[-74.2642098,39.5915242],[-74.2641574,39.5915914],[-74.2641053,39.5916573],[-74.2640534,39.5917222],[-74.2640018,39.5917859],[-74.2638104,39.5920208],[-74.2636984,39.5921563],[-74.2636436,39.5922214],[-74.2635915,39.5922823],[-74.2635414,39.5923399],[-74.2634927,39.5923947],[-74.2634419,39.5924508],[-74.263392,39.5925045],[-74.2633428,39.5925563],[-74.2632942,39.5926061],[-74.2632458,39.5926544],[-74.2631976,39.5927011],[-74.2631496,39.5927463],[-74.2631016,39.5927901],[-74.2630718,39.5928165],[-74.26304,39.5928436],[-74.2630059,39.5928719],[-74.2629688,39.5929018],[-74.2628998,39.5929558],[-74.2627392,39.5930793],[-74.2626644,39.5931385],[-74.2626317,39.5931653],[-74.2626012,39.5931909],[-74.2625725,39.5932158],[-74.2625454,39.59324],[-74.262516,39.5932674],[-74.2624859,39.5932964],[-74.2624549,39.5933274],[-74.2624223,39.593361],[-74.2623638,39.5934234],[-74.2622316,39.5935675],[-74.2621987,39.5936026],[-74.2621684,39.5936342],[-74.2621401,39.5936629],[-74.2621128,39.5936898],[-74.2620861,39.5937152],[-74.2620599,39.5937393],[-74.2619968,39.5937955],[-74.2619298,39.5938533],[-74.2618585,39.593913],[-74.2617819,39.5939754],[-74.2617202,39.5940239],[-74.2616544,39.5940733],[-74.2615836,39.5941242],[-74.2615066,39.5941775],[-74.2614372,39.5942241],[-74.2613592,39.5942754],[-74.2610897,39.5944489],[-74.2609862,39.5945164],[-74.2609326,39.5945521],[-74.2608828,39.5945858],[-74.2608359,39.5946183],[-74.2607915,39.5946497],[-74.2606805,39.5947296],[-74.2605684,39.5948114],[-74.2604547,39.5948953],[-74.2603395,39.5949814],[-74.2602225,39.5950698],[-74.2601034,39.5951608],[-74.2599819,39.5952546],[-74.2598575,39.5953515],[-74.2596538,39.5955119],[-74.2594677,39.5956604],[-74.2592939,39.5958012],[-74.2591302,39.5959361],[-74.2590511,39.5960023],[-74.2589739,39.5960674],[-74.2588985,39.5961318],[-74.2588248,39.5961953],[-74.2587527,39.5962581],[-74.2586821,39.5963204],[-74.258613,39.596382],[-74.2585453,39.5964432],[-74.2583096,39.596657],[-74.2582366,39.5967243],[-74.2581717,39.5967853],[-74.2581069,39.5968477],[-74.258047,39.5969069],[-74.2579911,39.5969639],[-74.2579386,39.5970193],[-74.2578763,39.5970872],[-74.257816,39.5971547],[-74.2577577,39.5972217],[-74.2577014,39.5972884],[-74.257647,39.5973548],[-74.2575945,39.5974208],[-74.257544,39.5974864],[-74.2574954,39.5975517],[-74.2574479,39.5976179],[-74.2574006,39.5976865],[-74.2573534,39.5977577],[-74.257306,39.5978318],[-74.2572583,39.5979089],[-74.2572098,39.5979899],[-74.2571602,39.5980753],[-74.2571086,39.5981667],[-74.2570599,39.598256],[-74.2570117,39.5983489],[-74.2569635,39.5984457],[-74.2569151,39.5985474],[-74.2568665,39.5986535],[-74.2568165,39.598767],[-74.256764,39.5988899],[-74.2567061,39.5990292],[-74.2566812,39.5990906],[-74.2566561,39.5991539],[-74.2566048,39.5992876],[-74.2565512,39.5994332],[-74.2564916,39.5996006],[-74.2564426,39.5997429],[-74.2563942,39.5998895],[-74.2563462,39.6000408],[-74.2562984,39.6001976],[-74.2562508,39.60036],[-74.2562027,39.6005302],[-74.2561535,39.60071],[-74.2561024,39.6009029],[-74.2560569,39.6010806],[-74.2560126,39.6012607],[-74.2559696,39.6014433],[-74.2559277,39.6016283],[-74.2558976,39.6017664],[-74.2558693,39.6018999],[-74.2558426,39.6020294],[-74.2558176,39.6021556],[-74.2557941,39.602279],[-74.2557719,39.6023997],[-74.2557512,39.602518],[-74.2557319,39.6026342],[-74.2557035,39.6028115],[-74.255683,39.6029475],[-74.255666,39.6030706],[-74.2556523,39.6031838],[-74.2556441,39.6032617],[-74.2556366,39.6033429],[-74.2556297,39.6034278],[-74.2556234,39.6035178],[-74.2556179,39.6036094],[-74.2556125,39.6037104],[-74.2555998,39.603992],[-74.255594,39.6041135],[-74.2555799,39.6043876],[-74.2555743,39.6045104],[-74.2555692,39.604654],[-74.2555677,39.6047197],[-74.2555668,39.6047826],[-74.2555665,39.6048512],[-74.2555669,39.6049174],[-74.2555682,39.6049815],[-74.2555703,39.6050437],[-74.2555732,39.6051044],[-74.2555769,39.6051637],[-74.2555814,39.6052217],[-74.2555868,39.6052785],[-74.2555936,39.6053374],[-74.2556026,39.6054022],[-74.2556134,39.6054712],[-74.2556456,39.6056681],[-74.2556547,39.6057295],[-74.2556618,39.6057846],[-74.2556701,39.6058633],[-74.2556773,39.6059512],[-74.2556828,39.6060346],[-74.2556941,39.6062281],[-74.2557006,39.6063208],[-74.2557079,39.6064028],[-74.2557164,39.6064775],[-74.255729,39.6065708],[-74.2557433,39.6066662],[-74.2557594,39.6067639],[-74.2557774,39.6068643],[-74.2557972,39.6069676],[-74.255819,39.6070745],[-74.255843,39.6071858],[-74.2558694,39.6073025],[-74.2558812,39.6073522],[-74.2558942,39.6074038],[-74.2559084,39.6074579],[-74.2559242,39.6075153],[-74.2559577,39.6076323],[-74.2560267,39.607864],[-74.256055,39.6079613],[-74.2560835,39.6080635],[-74.2561074,39.6081553],[-74.2561269,39.6082375],[-74.2561471,39.6083293],[-74.2561653,39.6084182],[-74.2562093,39.6086384],[-74.256234,39.608755],[-74.2562476,39.6088149],[-74.2562612,39.6088709],[-74.256275,39.6089241],[-74.2562891,39.6089749],[-74.2563088,39.6090405],[-74.2563322,39.6091119],[-74.2563617,39.6091966],[-74.2564277,39.6093784],[-74.2564559,39.609458],[-74.256484,39.6095425],[-74.2564961,39.6095814],[-74.2565071,39.6096186],[-74.2565253,39.609684],[-74.2565434,39.6097519],[-74.2565613,39.609823],[-74.2565793,39.6098979],[-74.2565972,39.6099754],[-74.2566159,39.6100599],[-74.2566612,39.6102733],[-74.256707,39.610495],[-74.2567396,39.6106594],[-74.2567673,39.6108081],[-74.2567794,39.6108775],[-74.2567905,39.6109444],[-74.256801,39.6110116],[-74.2568106,39.6110769],[-74.2568192,39.6111405],[-74.256827,39.6112026],[-74.2568339,39.6112634],[-74.2568399,39.6113231],[-74.2568451,39.6113816],[-74.2568495,39.6114392],[-74.2568552,39.6115262],[-74.2568599,39.6116057],[-74.2568637,39.6116803],[-74.2568666,39.611751],[-74.2568687,39.6118193],[-74.25687,39.611885],[-74.2568706,39.6119486],[-74.2568703,39.6120103],[-74.2568692,39.6120712],[-74.2568673,39.6121306],[-74.2568645,39.6121887],[-74.2568609,39.6122455],[-74.2568565,39.6123011],[-74.2568512,39.6123557],[-74.2568451,39.6124093],[-74.2568381,39.612462],[-74.2568323,39.6125007],[-74.2568258,39.6125401],[-74.2568186,39.6125802],[-74.2568106,39.6126212],[-74.2567924,39.6127061],[-74.2567709,39.6127959],[-74.2567473,39.6128865],[-74.2567196,39.6129865],[-74.2566886,39.6130934],[-74.2566345,39.6132752],[-74.2565954,39.6134039],[-74.2565553,39.6135304],[-74.256514,39.6136548],[-74.2564716,39.6137772],[-74.2564279,39.6138976],[-74.2563831,39.6140162],[-74.2563371,39.6141329],[-74.2562899,39.6142478],[-74.2562272,39.6143955],[-74.256201,39.6144555],[-74.2561763,39.6145108],[-74.2561519,39.614564],[-74.2561281,39.6146145],[-74.2561046,39.6146628],[-74.2560812,39.6147092],[-74.2560497,39.6147698],[-74.2560178,39.6148297],[-74.2559853,39.6148887],[-74.2559523,39.6149468],[-74.2559189,39.6150041],[-74.255885,39.6150605],[-74.2558507,39.615116],[-74.2558158,39.6151707],[-74.2557881,39.615213],[-74.2557593,39.6152557],[-74.2557294,39.6152989],[-74.2556984,39.6153426],[-74.2556663,39.6153868],[-74.2556329,39.6154316],[-74.2555982,39.6154772],[-74.2555622,39.6155236],[-74.2555252,39.6155704],[-74.2554867,39.6156183],[-74.2554043,39.6157182],[-74.2553136,39.615825],[-74.2552096,39.6159446],[-74.2551676,39.6159919],[-74.2551241,39.6160398],[-74.2550789,39.6160884],[-74.2550319,39.6161378],[-74.2549831,39.6161881],[-74.2549323,39.6162396],[-74.2548791,39.6162924],[-74.2548233,39.616347],[-74.254723,39.6164433],[-74.2546095,39.6165498],[-74.2545009,39.6166505],[-74.2542466,39.6168843],[-74.2541243,39.6169981],[-74.2540411,39.6170755],[-74.2539557,39.6171541],[-74.2538679,39.6172339],[-74.2537775,39.6173151],[-74.2536843,39.617398],[-74.2535879,39.6174829],[-74.2534879,39.6175701],[-74.2533837,39.6176601],[-74.2531921,39.6178238],[-74.2529782,39.6180045],[-74.2527637,39.6181842],[-74.2521972,39.6186566],[-74.2520299,39.6187971],[-74.2518801,39.6189237],[-74.2517112,39.6190678],[-74.2515543,39.6192033],[-74.2514065,39.6193327],[-74.2512662,39.6194574],[-74.2511692,39.6195451],[-74.2510628,39.6196428],[-74.2509554,39.6197426],[-74.2506662,39.6200128],[-74.2505783,39.620094],[-74.250499,39.6201667],[-74.2504075,39.6202493],[-74.2503212,39.6203259],[-74.2502383,39.6203979],[-74.2501581,39.6204662],[-74.2500942,39.620519],[-74.2500221,39.6205773],[-74.2499526,39.6206325],[-74.2497864,39.6207634],[-74.2497034,39.6208296],[-74.2496258,39.6208931],[-74.2495568,39.6209515],[-74.2495055,39.6209961],[-74.2494543,39.6210414],[-74.2494031,39.6210875],[-74.249352,39.6211344],[-74.2493009,39.6211821],[-74.2492497,39.6212306],[-74.2491985,39.62128],[-74.2491472,39.6213302],[-74.2490959,39.6213813],[-74.2490444,39.6214333],[-74.2489927,39.6214864],[-74.2489409,39.6215404],[-74.2488887,39.6215955],[-74.2488363,39.6216518],[-74.2487834,39.6217092],[-74.2487301,39.6217679],[-74.2486275,39.621883],[-74.2485223,39.6220037],[-74.2484135,39.6221312],[-74.2482996,39.6222674],[-74.2481865,39.6224047],[-74.2480623,39.6225575],[-74.2479326,39.6227186],[-74.2476968,39.6230132],[-74.2474825,39.6232808],[-74.2474118,39.6233704],[-74.2473489,39.6234516],[-74.2472869,39.6235331],[-74.2472297,39.6236103],[-74.2471762,39.6236843],[-74.247126,39.623756],[-74.2470568,39.6238578],[-74.2469919,39.623956],[-74.2469309,39.6240513],[-74.2468735,39.6241442],[-74.2468277,39.6242202],[-74.246785,39.6242928],[-74.2467449,39.6243627],[-74.2467072,39.6244304],[-74.2466714,39.6244964],[-74.2466376,39.6245608],[-74.2466057,39.6246238],[-74.2465755,39.6246857],[-74.2465516,39.6247343],[-74.2464994,39.6248373],[-74.2464772,39.6248821],[-74.2464547,39.6249296],[-74.2464359,39.6249724],[-74.246426,39.6249965],[-74.2464171,39.6250197],[-74.2464091,39.6250423],[-74.2464019,39.6250642],[-74.2463955,39.6250858],[-74.2463899,39.6251069],[-74.246385,39.6251276],[-74.246381,39.6251481],[-74.2463768,39.6251728],[-74.2463733,39.6251984],[-74.2463703,39.625225],[-74.2463679,39.6252527],[-74.2463661,39.6252814],[-74.2463648,39.6253118],[-74.2463637,39.6253788],[-74.2463645,39.6254128],[-74.2463669,39.6254482],[-74.246371,39.6254854],[-74.2463769,39.6255252],[-74.2463833,39.6255608],[-74.2463912,39.6256003],[-74.2464216,39.6257377],[-74.2464328,39.6257917],[-74.2464426,39.6258469],[-74.2464463,39.6258723],[-74.2464492,39.6258966],[-74.2464533,39.6259397],[-74.2464566,39.6259879],[-74.2464636,39.6261416],[-74.2464666,39.6261946],[-74.2464705,39.6262434],[-74.2464753,39.6262876],[-74.2464798,39.6263198],[-74.246485,39.6263526],[-74.2464911,39.6263861],[-74.2464979,39.6264203],[-74.2465056,39.6264552],[-74.2465142,39.6264912],[-74.2465237,39.6265282],[-74.2465342,39.6265666],[-74.2465538,39.6266337],[-74.2465771,39.6267081],[-74.2466009,39.6267805],[-74.2466619,39.626963],[-74.2466936,39.6270619],[-74.2467092,39.6271138],[-74.2467231,39.6271626],[-74.2467354,39.627209],[-74.2467463,39.6272536],[-74.2467679,39.6273474],[-74.2467877,39.6274365],[-74.2468061,39.6275217],[-74.246823,39.6276039],[-74.2468388,39.6276837],[-74.2468533,39.6277613],[-74.2468667,39.6278369],[-74.246879,39.6279107],[-74.2468994,39.6280391],[-74.2469162,39.6281501],[-74.2469309,39.6282522],[-74.2469437,39.6283477],[-74.246955,39.6284397],[-74.2469647,39.6285277],[-74.246973,39.6286125],[-74.2469798,39.6286945],[-74.2469854,39.628776],[-74.2469895,39.6288552],[-74.2469922,39.6289325],[-74.2469934,39.6290081],[-74.2469933,39.6290821],[-74.2469917,39.6291547],[-74.2469887,39.629226],[-74.2469843,39.629296],[-74.2469786,39.6293624],[-74.2469714,39.6294315],[-74.2469624,39.6295037],[-74.2469516,39.6295801],[-74.2469395,39.629658],[-74.2469251,39.6297437],[-74.2469085,39.6298375],[-74.2468826,39.6299791],[-74.2468697,39.6300476],[-74.246856,39.6301176],[-74.2468259,39.630263],[-74.2467918,39.6304172],[-74.2467528,39.6305846],[-74.246733,39.6306664],[-74.2467125,39.6307489],[-74.2466912,39.6308322],[-74.2466691,39.6309163],[-74.2466227,39.6310869],[-74.246573,39.6312612],[-74.2465307,39.6314033],[-74.246485,39.6315497],[-74.2464357,39.6317015],[-74.2463823,39.6318598],[-74.2463252,39.632024],[-74.2462625,39.6321995],[-74.2461928,39.6323903],[-74.2461105,39.6326116],[-74.2460616,39.6327412],[-74.2460117,39.632871],[-74.245961,39.6330008],[-74.2459095,39.6331309],[-74.245857,39.633261],[-74.2458037,39.6333912],[-74.2457495,39.6335216],[-74.2456944,39.6336521],[-74.2456384,39.6337828],[-74.2455816,39.6339135],[-74.2455239,39.6340443],[-74.2454654,39.6341752],[-74.2454059,39.6343063],[-74.2453456,39.6344374],[-74.2452845,39.6345686],[-74.2452225,39.6346999],[-74.2451403,39.6348711],[-74.2450582,39.6350395],[-74.2449759,39.6352052],[-74.2448935,39.6353683],[-74.2448229,39.6355053],[-74.244748,39.6356476],[-74.2446681,39.6357965],[-74.244582,39.6359544],[-74.2444956,39.6361106],[-74.2443986,39.636284],[-74.244093,39.6368249],[-74.243837,39.6372784],[-74.243756,39.6374207],[-74.2436826,39.6375484],[-74.2436075,39.6376775],[-74.2435361,39.6377987],[-74.2434673,39.6379138],[-74.2434003,39.638024],[-74.2432755,39.6382271],[-74.2431852,39.6383718],[-74.2431019,39.6385022],[-74.2430624,39.6385626],[-74.2430239,39.6386205],[-74.2429421,39.6387412],[-74.2428568,39.6388635],[-74.242768,39.6389878],[-74.2426755,39.6391142],[-74.2425792,39.6392429],[-74.2424786,39.6393745],[-74.2423734,39.6395095],[-74.2422631,39.6396486],[-74.24217,39.6397646],[-74.2420968,39.639855],[-74.24203,39.6399365],[-74.2419678,39.6400112],[-74.2419069,39.640083],[-74.2418483,39.6401507],[-74.2417913,39.6402152],[-74.2417354,39.6402769],[-74.2416634,39.6403541],[-74.2415886,39.6404318],[-74.2415109,39.6405102],[-74.2414302,39.6405893],[-74.2413462,39.6406693],[-74.2412588,39.6407505],[-74.2411677,39.6408331],[-74.2410725,39.6409174],[-74.2409765,39.6410006],[-74.2408757,39.6410864],[-74.2407694,39.6411752],[-74.2406563,39.6412682],[-74.2405389,39.6413634],[-74.2404099,39.6414667],[-74.2402667,39.6415804],[-74.2400736,39.6417326],[-74.2398433,39.6419137],[-74.2396858,39.6420361],[-74.2395413,39.6421465],[-74.2394737,39.6421973],[-74.2394084,39.6422458],[-74.2393418,39.6422945],[-74.2392769,39.6423413],[-74.2392132,39.6423864],[-74.2391507,39.64243],[-74.2390891,39.6424721],[-74.2390283,39.642513],[-74.2389682,39.6425526],[-74.2389087,39.642591],[-74.2389008,39.642596],[-74.2388804,39.6426089],[-74.2387825,39.6426702],[-74.2386852,39.6427299],[-74.2385886,39.642788],[-74.2384924,39.6428447],[-74.2383968,39.6428998],[-74.2383017,39.6429534],[-74.238207,39.6430056],[-74.2381127,39.6430563],[-74.2380187,39.6431056],[-74.2379251,39.6431535],[-74.2378319,39.6432],[-74.2377389,39.6432451],[-74.2376462,39.6432888],[-74.2375539,39.6433311],[-74.2374617,39.643372],[-74.2373699,39.6434116],[-74.2371592,39.6435025],[-74.2370883,39.6435326],[-74.2370076,39.6435658],[-74.2369347,39.6435944],[-74.2368957,39.643609],[-74.236858,39.6436225],[-74.2368212,39.6436352],[-74.2367852,39.643647],[-74.2367499,39.6436581],[-74.2367152,39.6436683],[-74.236681,39.6436778],[-74.2366472,39.6436866],[-74.2365879,39.6437007],[-74.2365258,39.6437139],[-74.2364607,39.6437263],[-74.236392,39.6437381],[-74.2363201,39.6437491],[-74.2362429,39.6437597],[-74.2361589,39.6437702],[-74.2360625,39.6437812],[-74.2360096,39.6437867],[-74.2359566,39.6437919],[-74.2359035,39.6437965],[-74.2358505,39.6438007],[-74.2357975,39.6438044],[-74.2357445,39.6438076],[-74.2356916,39.6438103],[-74.2356387,39.6438126],[-74.235586,39.6438144],[-74.2355335,39.6438157],[-74.2354811,39.6438165],[-74.2354289,39.6438169],[-74.2353769,39.6438167],[-74.2353252,39.6438161],[-74.2352737,39.643815],[-74.2352225,39.6438134],[-74.2351714,39.6438113],[-74.2351198,39.6438087],[-74.2350677,39.6438055],[-74.2350152,39.6438017],[-74.2349622,39.6437974],[-74.2349087,39.6437925],[-74.2348547,39.6437871],[-74.2348003,39.6437811],[-74.2347454,39.6437746],[-74.23469,39.6437675],[-74.2346341,39.6437599],[-74.2345778,39.6437517],[-74.2345209,39.6437429],[-74.2344637,39.6437336],[-74.2344059,39.6437238],[-74.2343477,39.6437133],[-74.2343049,39.6437053],[-74.2342615,39.6436967],[-74.2341724,39.6436776],[-74.2340795,39.643656],[-74.2339815,39.6436315],[-74.2338824,39.6436053],[-74.2337735,39.6435752],[-74.2336559,39.6435415],[-74.2334685,39.6434869],[-74.233413,39.6434704],[-74.2333572,39.6434534],[-74.2333012,39.6434358],[-74.2332447,39.6434175],[-74.2331879,39.6433986],[-74.2331307,39.6433791],[-74.233073,39.6433589],[-74.2330148,39.643338],[-74.2329561,39.6433165],[-74.2328968,39.6432943],[-74.2327761,39.6432477],[-74.2326521,39.6431979],[-74.2325239,39.6431445],[-74.2324184,39.6430994],[-74.2323086,39.6430513],[-74.2321934,39.6429999],[-74.2320704,39.642944],[-74.2319637,39.6428948],[-74.2318451,39.6428396],[-74.2313155,39.6425912],[-74.2311776,39.6425275],[-74.2310526,39.6424705],[-74.2309265,39.642414],[-74.2308071,39.6423617],[-74.2306926,39.6423128],[-74.230582,39.6422668],[-74.2304485,39.6422113],[-74.2303003,39.6421482],[-74.2301597,39.6420873],[-74.2298278,39.6419424],[-74.2296624,39.6418712],[-74.2295073,39.6418058],[-74.2294353,39.6417761],[-74.2293659,39.641748],[-74.2292749,39.6417119],[-74.229187,39.641678],[-74.2291016,39.6416459],[-74.2290183,39.6416157],[-74.2289366,39.6415871],[-74.2288563,39.6415601],[-74.2287774,39.6415345],[-74.2286995,39.6415104],[-74.2286303,39.6414897],[-74.2285604,39.6414693],[-74.2284897,39.6414491],[-74.2284183,39.6414292],[-74.2283462,39.6414095],[-74.2282732,39.6413901],[-74.2281996,39.6413709],[-74.2281252,39.641352],[-74.2279983,39.6413205],[-74.2278884,39.6412939],[-74.2277871,39.6412702],[-74.2276922,39.6412489],[-74.2276005,39.6412294],[-74.2275126,39.6412117],[-74.2274276,39.6411957],[-74.2273451,39.6411813],[-74.2273003,39.6411741],[-74.2272534,39.6411671],[-74.2272039,39.6411603],[-74.2271511,39.6411536],[-74.2270485,39.6411418],[-74.2268556,39.6411211],[-74.226778,39.6411125],[-74.2266981,39.6411029],[-74.2266265,39.6410933],[-74.2265145,39.6410767],[-74.2263911,39.6410569],[-74.2262621,39.641035],[-74.226008,39.6409904],[-74.2259017,39.6409721],[-74.2257903,39.6409536],[-74.2256901,39.6409379],[-74.2255514,39.6409175],[-74.2254112,39.640898],[-74.2252693,39.6408794],[-74.2251258,39.6408617],[-74.2249804,39.6408448],[-74.2248332,39.6408288],[-74.224684,39.6408136],[-74.2245327,39.6407993],[-74.2243794,39.6407858],[-74.2242237,39.6407731],[-74.2240655,39.6407612],[-74.2239046,39.6407501],[-74.2237408,39.6407398],[-74.2235739,39.6407302],[-74.2234034,39.6407213],[-74.2232291,39.6407131],[-74.2230941,39.6407074],[-74.2229564,39.6407021],[-74.2228158,39.6406971],[-74.2226719,39.6406925],[-74.2225245,39.6406883],[-74.2223728,39.6406844],[-74.2222164,39.6406808],[-74.2220543,39.6406775],[-74.221752,39.6406724],[-74.2214168,39.6406679],[-74.2210789,39.6406643],[-74.2201765,39.6406558],[-74.2199063,39.6406527],[-74.2196638,39.6406494],[-74.2193874,39.6406447],[-74.2191293,39.6406394],[-74.2188845,39.6406332],[-74.2186505,39.6406262],[-74.2183037,39.6406142],[-74.2174398,39.6405824],[-74.2171968,39.6405742],[-74.2169781,39.6405675],[-74.2167217,39.6405608],[-74.2164823,39.6405559],[-74.216255,39.6405526],[-74.2160376,39.640551]]],[[[-74.1468546,39.6857194],[-74.1467667,39.6856832],[-74.1467529,39.6857041],[-74.1453937,39.6851446],[-74.1456633,39.6848037],[-74.1459573,39.6844065],[-74.1459711,39.6843337],[-74.1459717,39.6842312],[-74.1459683,39.6841896],[-74.1459756,39.6841509],[-74.1460063,39.6841189],[-74.1460354,39.6841101],[-74.1460863,39.6840284],[-74.1462064,39.6838926],[-74.1467002,39.6833541],[-74.1470905,39.6828822],[-74.1478556,39.6818628],[-74.1482881,39.6812402],[-74.1486272,39.6808092],[-74.1487832,39.6805077],[-74.1488442,39.6804096],[-74.1498304,39.6791993],[-74.1507755,39.6779138],[-74.1515089,39.6769085],[-74.1515576,39.676823],[-74.151576,39.6767344],[-74.1515838,39.6766015],[-74.1515735,39.6765184],[-74.1515505,39.6764861],[-74.1515379,39.6764684],[-74.1515381,39.6764296],[-74.1515491,39.6763826],[-74.1516427,39.6762942],[-74.1522551,39.6756743],[-74.1522865,39.6756442],[-74.1526297,39.6753154],[-74.1528895,39.6749617],[-74.1531133,39.6746341],[-74.1532537,39.6745155],[-74.153368,39.674445],[-74.153393,39.6744133],[-74.1544159,39.6731373],[-74.1553486,39.6719026],[-74.1563117,39.6705847],[-74.1570585,39.6694109],[-74.157663,39.6697065],[-74.1589021,39.6703124],[-74.159034,39.6703698],[-74.160076,39.6708696],[-74.1608378,39.671235],[-74.1717311,39.6764588],[-74.1715092,39.6767111],[-74.1712869,39.6769631],[-74.1710642,39.6772147],[-74.1708409,39.6774662],[-74.1706172,39.6777173],[-74.1703929,39.6779682],[-74.1701682,39.6782188],[-74.1699431,39.6784692],[-74.1697174,39.6787192],[-74.1694913,39.678969],[-74.1692647,39.6792186],[-74.1690376,39.6794678],[-74.1688101,39.6797168],[-74.168582,39.6799655],[-74.1683535,39.680214],[-74.1681245,39.6804621],[-74.167895,39.68071],[-74.1676651,39.6809577],[-74.1674347,39.681205],[-74.1672038,39.6814521],[-74.1669724,39.6816989],[-74.1667405,39.6819455],[-74.1665082,39.6821917],[-74.1662754,39.6824377],[-74.1660421,39.6826834],[-74.1658083,39.6829289],[-74.165574,39.6831741],[-74.1653393,39.683419],[-74.1651041,39.6836636],[-74.1648684,39.683908],[-74.1646323,39.6841521],[-74.1643956,39.6843959],[-74.1643532,39.6844388],[-74.1643058,39.6844852],[-74.1642494,39.684539],[-74.164128,39.6846531],[-74.1640754,39.6847029],[-74.1640208,39.684756],[-74.1639729,39.6848041],[-74.1639452,39.6848329],[-74.1639191,39.6848607],[-74.1638945,39.6848879],[-74.1638711,39.6849146],[-74.1638489,39.6849408],[-74.1638278,39.6849667],[-74.1638078,39.6849924],[-74.1637888,39.6850178],[-74.1637536,39.6850664],[-74.1637232,39.6851097],[-74.1636959,39.6851501],[-74.1636711,39.6851883],[-74.1636482,39.6852253],[-74.1636274,39.6852611],[-74.1636084,39.6852958],[-74.1635911,39.6853297],[-74.1635779,39.6853585],[-74.1635654,39.6853889],[-74.1635537,39.6854213],[-74.1635424,39.6854563],[-74.1635332,39.6854881],[-74.1635236,39.6855237],[-74.1634927,39.6856498],[-74.1634797,39.6856997],[-74.1634647,39.6857506],[-74.1634571,39.6857738],[-74.1634492,39.6857958],[-74.1634379,39.6858254],[-74.1634256,39.685856],[-74.1633973,39.6859224],[-74.1633673,39.6859884],[-74.1632863,39.6861625],[-74.1632631,39.6862145],[-74.1632433,39.6862614],[-74.1632284,39.6862983],[-74.1632139,39.686336],[-74.1631996,39.6863747],[-74.1631856,39.6864145],[-74.1631718,39.6864554],[-74.163158,39.6864976],[-74.1631307,39.6865872],[-74.1631082,39.686666],[-74.1630843,39.686754],[-74.1630622,39.6868391],[-74.1630087,39.687048],[-74.1629797,39.6871574],[-74.1629642,39.6872132],[-74.1629492,39.6872654],[-74.1629344,39.687315],[-74.1629196,39.6873623],[-74.1629027,39.6874139],[-74.1628856,39.6874635],[-74.1628682,39.6875114],[-74.1628504,39.6875578],[-74.1628321,39.6876029],[-74.1628133,39.6876468],[-74.162794,39.6876895],[-74.1627742,39.6877312],[-74.1627295,39.6878222],[-74.1626994,39.6878814],[-74.1626706,39.687935],[-74.1626428,39.6879831],[-74.1626141,39.6880292],[-74.1625829,39.6880763],[-74.1625488,39.6881248],[-74.1625116,39.6881752],[-74.1624716,39.6882269],[-74.1624272,39.6882822],[-74.1623774,39.6883425],[-74.1623162,39.6884147],[-74.1622788,39.688458],[-74.1622394,39.6885021],[-74.162198,39.6885472],[-74.1621542,39.6885937],[-74.1621082,39.6886416],[-74.162059,39.6886917],[-74.1620059,39.6887446],[-74.1619474,39.6888022],[-74.1618498,39.6888964],[-74.1618063,39.6889375],[-74.1617649,39.6889759],[-74.1617245,39.6890126],[-74.1616854,39.6890475],[-74.161647,39.6890808],[-74.1616094,39.6891128],[-74.1615646,39.6891497],[-74.1615169,39.6891875],[-74.1614658,39.6892267],[-74.1614105,39.689268],[-74.1613584,39.6893059],[-74.1612997,39.689348],[-74.16107,39.6895099],[-74.1608463,39.6896691],[-74.1607088,39.689766],[-74.1605805,39.6898548],[-74.1604632,39.6899341],[-74.1604039,39.6899734],[-74.1603461,39.690011],[-74.1602896,39.6900472],[-74.1602342,39.6900821],[-74.1601796,39.6901159],[-74.1601258,39.6901485],[-74.1600726,39.69018],[-74.16002,39.6902106],[-74.1599256,39.6902641],[-74.1598303,39.6903167],[-74.1597341,39.6903684],[-74.159637,39.6904192],[-74.1595391,39.6904692],[-74.1594402,39.6905182],[-74.1593405,39.6905664],[-74.1592399,39.6906136],[-74.1591976,39.6905969],[-74.1484309,39.6863444],[-74.146996,39.6857776],[-74.1468546,39.6857194]]],[[[-74.1318907,39.7748242],[-74.1318774,39.7748051],[-74.1318632,39.7747836],[-74.131813,39.7747041],[-74.1317918,39.7746718],[-74.1317686,39.774639],[-74.1317462,39.7746105],[-74.131727,39.7745881],[-74.1317045,39.7745636],[-74.1316261,39.7744824],[-74.1315971,39.7744514],[-74.1315697,39.7744198],[-74.1315577,39.774405],[-74.1315468,39.7743906],[-74.1315295,39.7743658],[-74.131513,39.7743401],[-74.1314974,39.7743133],[-74.1314826,39.7742855],[-74.1314686,39.7742565],[-74.1314553,39.7742261],[-74.1314427,39.7741944],[-74.1314306,39.774161],[-74.1314218,39.7741344],[-74.1314132,39.7741066],[-74.1313962,39.7740457],[-74.1313802,39.7739819],[-74.1313509,39.7738568],[-74.1313383,39.773805],[-74.1313242,39.7737514],[-74.1313103,39.7737037],[-74.1312739,39.7735825],[-74.1312382,39.7734579],[-74.1312033,39.7733294],[-74.1311689,39.7731966],[-74.1311349,39.7730591],[-74.1311011,39.7729157],[-74.1310671,39.7727649],[-74.1310324,39.7726045],[-74.1310204,39.772545],[-74.1310082,39.7724786],[-74.1309971,39.7724132],[-74.1309693,39.7722449],[-74.1309527,39.7721522],[-74.1309431,39.7721031],[-74.1309333,39.7720573],[-74.1309233,39.772014],[-74.1309128,39.7719726],[-74.130901,39.77193],[-74.1308876,39.7718861],[-74.1308724,39.7718403],[-74.1308552,39.7717922],[-74.1308354,39.7717398],[-74.1308126,39.7716821],[-74.1307875,39.771621],[-74.1307153,39.7714475],[-74.1306935,39.7713935],[-74.1306746,39.7713449],[-74.1306538,39.7712886],[-74.1306357,39.7712358],[-74.1306199,39.7711855],[-74.1306062,39.7711372],[-74.1305952,39.7710942],[-74.130585,39.7710502],[-74.1305755,39.7710052],[-74.1305667,39.7709589],[-74.1305586,39.7709114],[-74.1305511,39.7708624],[-74.1305442,39.7708117],[-74.1305378,39.7707589],[-74.1305284,39.770665],[-74.1305199,39.7705603],[-74.1305131,39.7704572],[-74.1304972,39.7701918],[-74.1304918,39.7701149],[-74.1304863,39.7700458],[-74.130479,39.7699686],[-74.1304708,39.7698965],[-74.1304617,39.7698282],[-74.1304515,39.7697629],[-74.1304575,39.7696322],[-74.1304614,39.7695015],[-74.1304632,39.7693707],[-74.1304628,39.7692399],[-74.1304603,39.7691092],[-74.1304556,39.7689785],[-74.1304488,39.7688478],[-74.1304399,39.7687172],[-74.1304288,39.7685867],[-74.1304155,39.7684563],[-74.1304002,39.7683261],[-74.1303827,39.768196],[-74.130363,39.7680661],[-74.1303413,39.7679364],[-74.1303174,39.767807],[-74.1302913,39.7676777],[-74.1302632,39.7675488],[-74.1302329,39.7674201],[-74.1302006,39.7672917],[-74.1301661,39.7671636],[-74.1301295,39.7670359],[-74.1300909,39.7669086],[-74.1300501,39.7667816],[-74.1300073,39.766655],[-74.1299624,39.7665289],[-74.1299155,39.7664032],[-74.1298664,39.766278],[-74.1298154,39.7661532],[-74.1297622,39.766029],[-74.1297071,39.7659053],[-74.1296499,39.7657821],[-74.1295907,39.7656595],[-74.1295295,39.7655375],[-74.1294663,39.7654161],[-74.1294012,39.7652953],[-74.129334,39.7651751],[-74.1292649,39.7650556],[-74.1291938,39.7649368],[-74.1291208,39.7648187],[-74.1290458,39.7647013],[-74.1289689,39.7645846],[-74.1288901,39.7644687],[-74.1288095,39.7643536],[-74.1287269,39.7642392],[-74.1286425,39.7641257],[-74.1285562,39.764013],[-74.128468,39.7639011],[-74.1283781,39.7637901],[-74.1282863,39.76368],[-74.1281927,39.7635708],[-74.1280974,39.7634625],[-74.1280003,39.7633551],[-74.1279014,39.7632487],[-74.1278008,39.7631432],[-74.1277011,39.7630415],[-74.1275998,39.7629408],[-74.1274967,39.7628411],[-74.1273919,39.7627424],[-74.1272855,39.7626448],[-74.1271774,39.7625483],[-74.1270676,39.7624529],[-74.1269562,39.7623587],[-74.1268433,39.7622655],[-74.1267287,39.7621735],[-74.1266126,39.7620827],[-74.1264949,39.761993],[-74.1263757,39.7619046],[-74.1262551,39.7618173],[-74.1261329,39.7617313],[-74.1260093,39.7616465],[-74.1258842,39.761563],[-74.1257577,39.7614808],[-74.1256298,39.7613998],[-74.1255006,39.7613201],[-74.12537,39.7612418],[-74.125238,39.7611648],[-74.1251048,39.7610891],[-74.1249703,39.7610147],[-74.1248345,39.7609418],[-74.1246975,39.7608702],[-74.1245593,39.7608],[-74.1244199,39.7607312],[-74.1242793,39.7606638],[-74.1241376,39.7605978],[-74.1239947,39.7605333],[-74.1238508,39.7604702],[-74.1237058,39.7604086],[-74.1235598,39.7603485],[-74.1234127,39.7602898],[-74.1232647,39.7602326],[-74.1231157,39.760177],[-74.1229658,39.7601228],[-74.1228149,39.7600702],[-74.1226632,39.760019],[-74.1225106,39.7599695],[-74.1223571,39.7599214],[-74.1222029,39.759875],[-74.1220479,39.7598301],[-74.1218921,39.7597867],[-74.1217356,39.7597449],[-74.1215784,39.7597048],[-74.1214205,39.7596662],[-74.121262,39.7596292],[-74.1211028,39.7595938],[-74.1209431,39.75956],[-74.1207828,39.7595278],[-74.120622,39.7594973],[-74.1204606,39.7594684],[-74.1202988,39.7594411],[-74.1201365,39.7594155],[-74.1199738,39.7593915],[-74.1198107,39.7593691],[-74.1196473,39.7593484],[-74.1194835,39.7593294],[-74.1193193,39.759312],[-74.1191549,39.7592962],[-74.1189903,39.7592822],[-74.1188254,39.7592698],[-74.1186603,39.759259],[-74.1184573,39.7592426],[-74.1182541,39.7592277],[-74.1180508,39.7592145],[-74.1178472,39.7592028],[-74.1176435,39.7591928],[-74.1174397,39.7591843],[-74.1172358,39.7591775],[-74.1170318,39.7591722],[-74.1168277,39.7591685],[-74.1166236,39.7591665],[-74.1164195,39.759166],[-74.1162154,39.7591672],[-74.1160113,39.7591699],[-74.1158073,39.7591743],[-74.1144146,39.7526867],[-74.1157064,39.7505729],[-74.117743,39.7490813],[-74.1200681,39.7448805],[-74.1230377,39.7421823],[-74.1218102,39.7415238],[-74.1144242,39.7387597],[-74.1147753,39.7381912],[-74.1152781,39.737443],[-74.1155157,39.7370932],[-74.1158878,39.7365774],[-74.1160993,39.7362764],[-74.1164632,39.7356785],[-74.1166605,39.7353486],[-74.1170996,39.7346645],[-74.1173111,39.7343545],[-74.1175851,39.7339161],[-74.1177071,39.7336858],[-74.1178075,39.7334532],[-74.117993,39.733172],[-74.118455,39.7325079],[-74.1185565,39.732344],[-74.1186871,39.732096],[-74.1188631,39.7317061],[-74.1189068,39.7315997],[-74.1189823,39.7314602],[-74.1192168,39.7311392],[-74.1194557,39.7308205],[-74.1195367,39.7307209],[-74.1197136,39.7304264],[-74.1199674,39.7299879],[-74.1200142,39.7298439],[-74.1200291,39.7297396],[-74.1200242,39.7295976],[-74.1200446,39.7295311],[-74.1200824,39.729458],[-74.1203155,39.7291415],[-74.1205471,39.7288161],[-74.1207614,39.7285129],[-74.1209254,39.7282094],[-74.1210045,39.727939],[-74.1210047,39.7278991],[-74.1209935,39.7278413],[-74.1209794,39.7277991],[-74.1209796,39.7277525],[-74.1210145,39.7276839],[-74.121253,39.7274095],[-74.1215943,39.7270002],[-74.1219547,39.726531],[-74.1220591,39.7263516],[-74.1221728,39.7260391],[-74.1222453,39.7256644],[-74.1222428,39.7255845],[-74.1222633,39.7255136],[-74.1223415,39.7254074],[-74.1228902,39.7246437],[-74.123225,39.7240879],[-74.1233613,39.723862],[-74.1234196,39.7237202],[-74.1234431,39.7236204],[-74.1234407,39.7235361],[-74.1234097,39.7234206],[-74.1234099,39.7233762],[-74.1234304,39.7233186],[-74.1235347,39.7231548],[-74.123637,39.723022],[-74.1238703,39.7227333],[-74.1240237,39.7225497],[-74.1240572,39.7224354],[-74.1240983,39.7222824],[-74.1243352,39.7217751],[-74.1244892,39.7214583],[-74.124555,39.7212411],[-74.1245581,39.7212034],[-74.1245468,39.7211612],[-74.1245298,39.7211279],[-74.1245214,39.7210879],[-74.1245359,39.721048],[-74.124594,39.7209417],[-74.1248544,39.7206031],[-74.1250015,39.7204049],[-74.1252444,39.7199968],[-74.1254519,39.7195959],[-74.1255461,39.7193251],[-74.1256343,39.7189417],[-74.1256549,39.7188062],[-74.125675,39.7187552],[-74.1257553,39.7186071],[-74.1259424,39.718311],[-74.1263933,39.7175963],[-74.1266726,39.7171668],[-74.1266891,39.7171169],[-74.1267733,39.7169806],[-74.1268247,39.7168176],[-74.126852,39.716672],[-74.1268557,39.716608],[-74.1268625,39.716562],[-74.1268894,39.7165033],[-74.1269897,39.7163195],[-74.1270831,39.7161842],[-74.1272735,39.7158907],[-74.1273963,39.715725],[-74.1275176,39.7154585],[-74.1276878,39.7152168],[-74.1279017,39.7148492],[-74.1279922,39.7146423],[-74.1280057,39.7145989],[-74.1280057,39.7145937],[-74.128006,39.7145503],[-74.1280029,39.7145043],[-74.1279832,39.7144658],[-74.1279636,39.71443],[-74.1279605,39.7143788],[-74.1279608,39.7143277],[-74.1279709,39.7142868],[-74.1280111,39.7142127],[-74.1282347,39.7138937],[-74.128287,39.7138138],[-74.1283582,39.7137049],[-74.1285948,39.7134217],[-74.1287051,39.7132405],[-74.1289389,39.7128704],[-74.1291033,39.7124796],[-74.1291303,39.7123774],[-74.1291339,39.7123263],[-74.1291309,39.7122725],[-74.1291145,39.712229],[-74.1290674,39.7121815],[-74.1290322,39.7121367],[-74.1290291,39.7120983],[-74.1290392,39.7120753],[-74.1290991,39.7120192],[-74.1291624,39.7119453],[-74.1292659,39.711787],[-74.1293607,39.7116662],[-74.1293759,39.7116467],[-74.1295296,39.7114017],[-74.1296199,39.7112408],[-74.1296566,39.7111796],[-74.1296699,39.7111292],[-74.141855,39.7153568],[-74.1418249,39.7154853],[-74.1417939,39.7156227],[-74.1417622,39.7157688],[-74.1417298,39.7159228],[-74.1416969,39.7160845],[-74.1416638,39.7162524],[-74.1416307,39.7164249],[-74.1415982,39.7165996],[-74.1415709,39.7167529],[-74.1415424,39.7169227],[-74.1415132,39.7171039],[-74.141464,39.7174177],[-74.141411,39.7177465],[-74.1413901,39.717881],[-74.1413697,39.7180216],[-74.1413612,39.7180862],[-74.1413536,39.718148],[-74.1413417,39.71825],[-74.1413317,39.718341],[-74.141323,39.7184257],[-74.1413155,39.7185055],[-74.1413089,39.7185823],[-74.1413034,39.7186561],[-74.1412989,39.7187273],[-74.1412953,39.7187964],[-74.1412924,39.7188671],[-74.1412902,39.7189378],[-74.1412886,39.7190084],[-74.1412878,39.719079],[-74.1412876,39.7191495],[-74.141288,39.7192199],[-74.1412892,39.7192903],[-74.141291,39.7193606],[-74.1412934,39.7194308],[-74.1412966,39.7195008],[-74.1413004,39.7195707],[-74.1413049,39.7196405],[-74.14131,39.7197102],[-74.1413159,39.7197797],[-74.1413223,39.719849],[-74.1413295,39.7199181],[-74.1413489,39.7200946],[-74.1413565,39.720156],[-74.141364,39.7202115],[-74.1413723,39.7202662],[-74.1413811,39.7203177],[-74.1413905,39.7203667],[-74.1414005,39.7204137],[-74.1414122,39.7204633],[-74.1414252,39.7205141],[-74.1414397,39.7205663],[-74.1414555,39.7206202],[-74.1414728,39.7206758],[-74.1414918,39.7207339],[-74.1415126,39.7207949],[-74.1415357,39.72086],[-74.1415589,39.7209237],[-74.1415795,39.7209789],[-74.1415992,39.7210296],[-74.1416182,39.7210769],[-74.1416373,39.7211222],[-74.1416563,39.7211653],[-74.1416753,39.7212067],[-74.1416946,39.7212464],[-74.1417133,39.721283],[-74.1417338,39.7213209],[-74.1417561,39.7213606],[-74.1417807,39.7214026],[-74.1418049,39.7214427],[-74.1418325,39.7214873],[-74.1419314,39.7216441],[-74.1419984,39.7217503],[-74.1420571,39.7218418],[-74.142112,39.7219255],[-74.1421642,39.7220033],[-74.1422155,39.7220777],[-74.1422656,39.7221482],[-74.142315,39.7222156],[-74.1423639,39.72228],[-74.1423983,39.7223239],[-74.1424337,39.7223679],[-74.1424703,39.7224119],[-74.142508,39.722456],[-74.1425468,39.7225001],[-74.1425868,39.7225445],[-74.1426279,39.722589],[-74.1426702,39.7226337],[-74.1427138,39.7226785],[-74.1427586,39.7227236],[-74.1428047,39.7227691],[-74.1428522,39.7228149],[-74.1429011,39.7228611],[-74.1429515,39.7229078],[-74.1430035,39.722955],[-74.1430572,39.7230029],[-74.1431533,39.7230867],[-74.1432554,39.7231734],[-74.1433647,39.7232639],[-74.1434833,39.72336],[-74.1435867,39.7234425],[-74.1437027,39.7235339],[-74.1440696,39.7238198],[-74.1441916,39.7239153],[-74.1442991,39.7240004],[-74.1443963,39.7240781],[-74.1446059,39.7242462],[-74.1446999,39.7243207],[-74.1447893,39.724391],[-74.1448759,39.7244584],[-74.1449597,39.7245229],[-74.1450412,39.724585],[-74.1451209,39.7246449],[-74.1452022,39.7247045],[-74.1452942,39.7247698],[-74.1453837,39.724832],[-74.1456037,39.7249831],[-74.1457177,39.725063],[-74.145775,39.7251042],[-74.1458282,39.7251434],[-74.1458782,39.7251811],[-74.1459255,39.7252178],[-74.1460067,39.7252825],[-74.1460881,39.725349],[-74.1461699,39.7254174],[-74.1462522,39.7254876],[-74.146335,39.7255599],[-74.1464184,39.7256342],[-74.1465026,39.7257107],[-74.1465877,39.7257895],[-74.1466407,39.7258394],[-74.1466934,39.7258898],[-74.1467459,39.7259407],[-74.1467982,39.7259922],[-74.1468503,39.7260441],[-74.1469022,39.7260966],[-74.1469538,39.7261495],[-74.1470052,39.726203],[-74.1470564,39.726257],[-74.1471074,39.7263114],[-74.1471581,39.7263664],[-74.1472085,39.7264218],[-74.1472588,39.7264778],[-74.1473087,39.7265342],[-74.1473585,39.7265911],[-74.147408,39.7266485],[-74.1474613,39.7267113],[-74.1475134,39.7267734],[-74.1475642,39.726835],[-74.1476138,39.726896],[-74.1476622,39.7269566],[-74.1477095,39.7270167],[-74.1477556,39.7270764],[-74.1478006,39.7271356],[-74.1478541,39.7272076],[-74.1479072,39.7272809],[-74.14796,39.7273555],[-74.1480125,39.7274315],[-74.1480647,39.727509],[-74.1481166,39.7275879],[-74.1481684,39.7276684],[-74.14822,39.7277505],[-74.1482714,39.7278341],[-74.1483227,39.7279195],[-74.1483741,39.7280069],[-74.1484256,39.7280963],[-74.1484774,39.7281879],[-74.1485294,39.728282],[-74.1485819,39.7283787],[-74.1486351,39.7284785],[-74.1487052,39.7286134],[-74.1487727,39.7287477],[-74.1488054,39.7288145],[-74.1488375,39.7288812],[-74.1488688,39.7289477],[-74.1488995,39.729014],[-74.1489305,39.7290826],[-74.1489619,39.729154],[-74.148994,39.7292287],[-74.1490271,39.7293077],[-74.1490605,39.7293892],[-74.1490964,39.7294783],[-74.1491876,39.7297091],[-74.1492795,39.7299414],[-74.1493246,39.7300587],[-74.1493464,39.7301178],[-74.149366,39.7301734],[-74.1493839,39.7302263],[-74.1494003,39.7302772],[-74.1494206,39.7303443],[-74.1494403,39.7304138],[-74.1494596,39.7304859],[-74.1494786,39.7305611],[-74.1494972,39.7306393],[-74.149516,39.7307224],[-74.1495351,39.7308115],[-74.1495555,39.7309106],[-74.1495759,39.7310137],[-74.1495935,39.7311073],[-74.1496089,39.731195],[-74.1496225,39.731278],[-74.1496345,39.7313581],[-74.1496448,39.7314352],[-74.1496536,39.7315099],[-74.1496608,39.7315824],[-74.1496661,39.7316475],[-74.1496705,39.7317147],[-74.149674,39.7317844],[-74.1496767,39.7318572],[-74.1496785,39.7319328],[-74.1496795,39.7320133],[-74.1496797,39.7321002],[-74.1496792,39.7321983],[-74.1496783,39.7322692],[-74.1496765,39.7323417],[-74.149674,39.7324159],[-74.1496708,39.7324923],[-74.1496667,39.7325707],[-74.1496619,39.7326519],[-74.1496562,39.7327363],[-74.1496496,39.7328248],[-74.1496322,39.733041],[-74.1496168,39.7332099],[-74.1496088,39.7332881],[-74.1496006,39.7333625],[-74.149592,39.7334339],[-74.1495831,39.7335027],[-74.1495734,39.7335713],[-74.1495632,39.7336379],[-74.1495525,39.7337027],[-74.1495412,39.7337659],[-74.1495293,39.7338277],[-74.1495168,39.7338882],[-74.1495036,39.7339474],[-74.1494898,39.7340055],[-74.1494725,39.7340735],[-74.1494534,39.7341436],[-74.1494325,39.7342164],[-74.1494094,39.7342925],[-74.1493845,39.7343714],[-74.1493567,39.7344561],[-74.1493255,39.7345486],[-74.1492876,39.7346583],[-74.1492642,39.7347244],[-74.1492393,39.7347929],[-74.1492125,39.7348644],[-74.1491835,39.7349398],[-74.1491196,39.7351015],[-74.1490282,39.735327],[-74.1489998,39.7353954],[-74.1489691,39.7354666],[-74.1489358,39.7355414],[-74.1488993,39.7356212],[-74.1488296,39.7357695],[-74.1487032,39.7360323],[-74.1486556,39.7361321],[-74.1486088,39.7362323],[-74.1485675,39.7363228],[-74.1485246,39.7364205],[-74.1484859,39.7365126],[-74.1484508,39.7366006],[-74.148419,39.7366854],[-74.1483857,39.7367787],[-74.1483533,39.7368724],[-74.1483218,39.7369665],[-74.1482913,39.737061],[-74.1482617,39.7371558],[-74.1482331,39.737251],[-74.1482054,39.7373465],[-74.1481787,39.7374422],[-74.1481562,39.7375265],[-74.148134,39.7376143],[-74.1481118,39.7377064],[-74.1480894,39.7378041],[-74.1480675,39.7379037],[-74.1480443,39.7380135],[-74.1479817,39.7383204],[-74.1478862,39.7387833],[-74.1478477,39.7389752],[-74.1478279,39.7390785],[-74.1478101,39.7391751],[-74.147794,39.7392668],[-74.1477795,39.7393547],[-74.1477651,39.7394481],[-74.1477524,39.7395382],[-74.1477412,39.7396257],[-74.1477315,39.7397109],[-74.1477234,39.7397941],[-74.1477167,39.7398754],[-74.1477114,39.7399552],[-74.1477076,39.7400334],[-74.1477042,39.7401441],[-74.1477025,39.7402564],[-74.1477027,39.7403704],[-74.1477047,39.7404862],[-74.1477085,39.7406038],[-74.1477141,39.7407233],[-74.1477216,39.7408448],[-74.1477309,39.7409683],[-74.1477381,39.7410501],[-74.1477465,39.7411342],[-74.1477562,39.7412209],[-74.1477673,39.7413107],[-74.1477796,39.7414036],[-74.1477935,39.7415012],[-74.147809,39.7416047],[-74.1478266,39.7417169],[-74.1478731,39.7420106],[-74.1478883,39.7420994],[-74.1479031,39.742179],[-74.1479196,39.7422601],[-74.1479367,39.742336],[-74.1479546,39.742408],[-74.1479737,39.7424766],[-74.1479864,39.7425188],[-74.1480002,39.7425617],[-74.148015,39.7426054],[-74.1480309,39.7426499],[-74.1480479,39.7426955],[-74.1480661,39.7427423],[-74.1480856,39.7427905],[-74.1481065,39.7428405],[-74.1481461,39.7429313],[-74.148192,39.7430323],[-74.1482365,39.7431274],[-74.148336,39.7433372],[-74.1483774,39.7434261],[-74.1484652,39.7436144],[-74.1485057,39.7436996],[-74.1485449,39.7437807],[-74.1485832,39.7438589],[-74.1486208,39.7439342],[-74.1486578,39.7440071],[-74.1486944,39.7440778],[-74.148757,39.7441954],[-74.1488238,39.7443167],[-74.1488952,39.7444425],[-74.1489721,39.7445743],[-74.1490533,39.7447102],[-74.1491428,39.744857],[-74.1492429,39.7450187],[-74.1493703,39.7452221],[-74.149431,39.7453171],[-74.1494959,39.7454158],[-74.1495658,39.7455193],[-74.149642,39.7456296],[-74.149709,39.7457249],[-74.1497844,39.7458308],[-74.1500315,39.7461737],[-74.1501196,39.7462967],[-74.1502032,39.7464149],[-74.1502777,39.7465222],[-74.1503487,39.7466265],[-74.1504143,39.7467255],[-74.1504757,39.7468206],[-74.1505332,39.7469126],[-74.1505762,39.7469836],[-74.1506231,39.7470632],[-74.1507699,39.7473188],[-74.1508215,39.7474074],[-74.1508704,39.7474895],[-74.150916,39.7475636],[-74.1509573,39.7476282],[-74.1510017,39.7476953],[-74.1510496,39.7477655],[-74.151102,39.7478403],[-74.1511481,39.7479048],[-74.1512001,39.7479765],[-74.1514285,39.7482876],[-74.1514839,39.7483645],[-74.1515333,39.7484345],[-74.1515782,39.7484995],[-74.1516199,39.7485613],[-74.1516588,39.7486209],[-74.1516953,39.7486786],[-74.151732,39.7487379],[-74.1517687,39.7487984],[-74.1518425,39.748923],[-74.151917,39.7490528],[-74.151993,39.7491891],[-74.1520702,39.7493313],[-74.1521507,39.7494834],[-74.1522364,39.7496486],[-74.1523324,39.749837],[-74.1523596,39.7498917],[-74.1523872,39.7499491],[-74.1524154,39.7500098],[-74.1524449,39.7500748],[-74.1524988,39.7501975],[-74.1526307,39.7505043],[-74.1526688,39.7505904],[-74.1527041,39.7506677],[-74.1527441,39.7507519],[-74.1527831,39.7508304],[-74.1528219,39.7509044],[-74.1528608,39.7509749],[-74.1528962,39.7510349],[-74.1529375,39.7511013],[-74.1529781,39.7511642],[-74.1530759,39.7513129],[-74.1531237,39.7513878],[-74.1531462,39.7514244],[-74.1531668,39.7514591],[-74.1531859,39.7514923],[-74.1532035,39.7515244],[-74.1532255,39.7515665],[-74.1532483,39.751613],[-74.1532742,39.7516683],[-74.1533279,39.7517874],[-74.1533519,39.7518392],[-74.1533783,39.7518937],[-74.1534033,39.751942],[-74.1534443,39.7520163],[-74.1534916,39.7520977],[-74.1535444,39.7521852],[-74.1536315,39.7523267],[-74.1537053,39.7524453],[-74.153781,39.752564],[-74.1538584,39.7526828],[-74.1539376,39.7528016],[-74.1540186,39.7529205],[-74.1541013,39.7530394],[-74.1541857,39.7531583],[-74.1542718,39.7532773],[-74.154375,39.7534181],[-74.1544451,39.7535119],[-74.1545103,39.7535967],[-74.1545713,39.7536729],[-74.1546283,39.7537412],[-74.1546895,39.7538115],[-74.1547554,39.7538847],[-74.1548273,39.7539619],[-74.1548972,39.7540351],[-74.1549763,39.7541163],[-74.1552613,39.7544037],[-74.1554113,39.7545577],[-74.1554745,39.7546215],[-74.155509,39.7546554],[-74.1555416,39.7546868],[-74.1555731,39.7547163],[-74.1556037,39.7547442],[-74.1556626,39.7547961],[-74.1557226,39.7548473],[-74.1557837,39.7548978],[-74.1558459,39.7549475],[-74.1559705,39.7550443],[-74.1563139,39.755313],[-74.1564842,39.7554456],[-74.1566604,39.7555811],[-74.1568176,39.7557001],[-74.1569007,39.755762],[-74.1569796,39.7558201],[-74.1570547,39.7558745],[-74.1571261,39.7559254],[-74.157194,39.7559729],[-74.1572585,39.7560171],[-74.1573197,39.756058],[-74.1573775,39.7560956],[-74.1575339,39.7561961],[-74.1576218,39.7562517],[-74.1577058,39.7563032],[-74.157745,39.7563264],[-74.1577829,39.7563484],[-74.1578331,39.7563765],[-74.1578863,39.7564052],[-74.1579431,39.7564346],[-74.1580046,39.7564655],[-74.1580584,39.7564918],[-74.1581187,39.7565207],[-74.1583874,39.7566475],[-74.1584555,39.7566805],[-74.1585165,39.7567109],[-74.1586065,39.7567568],[-74.1586996,39.7568049],[-74.1587966,39.7568558],[-74.1588987,39.75691],[-74.1590065,39.7569678],[-74.1591251,39.7570321],[-74.1596002,39.7572917],[-74.1598067,39.7574035],[-74.1599198,39.757464],[-74.1600259,39.7575201],[-74.160127,39.7575727],[-74.1602241,39.7576226],[-74.1603546,39.7576885],[-74.1604915,39.7577566],[-74.1606363,39.7578277],[-74.1607916,39.757903],[-74.1609294,39.7579692],[-74.161083,39.7580425],[-74.1616046,39.7582896],[-74.1618037,39.7583843],[-74.1620034,39.7584802],[-74.1621826,39.7585673],[-74.1623731,39.758661],[-74.1625715,39.7587596],[-74.16278,39.7588642],[-74.1630025,39.7589767],[-74.1634144,39.7591867],[-74.1641386,39.7595585],[-74.1644107,39.7596978],[-74.1646817,39.7598358],[-74.1649267,39.7599596],[-74.1651871,39.7600899],[-74.1654325,39.7602113],[-74.1656671,39.7603258],[-74.1658931,39.7604345],[-74.1660676,39.7605172],[-74.1662598,39.7606072],[-74.1664785,39.7607087],[-74.1671358,39.7610123],[-74.1673446,39.7611098],[-74.1675311,39.7611979],[-74.1676835,39.76127],[-74.1678521,39.7613493],[-74.1685271,39.7616644],[-74.1688184,39.7618013],[-74.1689769,39.7618765],[-74.1691244,39.7619472],[-74.169264,39.7620148],[-74.1693971,39.76208],[-74.1695491,39.7621555],[-74.1696948,39.762229],[-74.1698349,39.7623009],[-74.1699703,39.7623716],[-74.1701015,39.7624415],[-74.1702288,39.7625107],[-74.1703526,39.7625793],[-74.170473,39.7626475],[-74.1704975,39.7626612],[-74.1705253,39.762676],[-74.1706445,39.7627372],[-74.1706705,39.7627512],[-74.1706937,39.7627644],[-74.1707229,39.7627821],[-74.170749,39.7627995],[-74.1707725,39.7628168],[-74.1707936,39.7628343],[-74.1708177,39.7628567],[-74.1708413,39.762881],[-74.1708644,39.7629073],[-74.1708871,39.7629357],[-74.1709095,39.7629662],[-74.1709319,39.7629992],[-74.1709547,39.7630353],[-74.1709788,39.7630759],[-74.1709922,39.7631002],[-74.1710052,39.7631259],[-74.1710179,39.7631531],[-74.1710303,39.7631822],[-74.1710423,39.7632123],[-74.1710547,39.7632455],[-74.1710854,39.7633343],[-74.1710928,39.763357],[-74.1710997,39.7633801],[-74.1711061,39.7634034],[-74.171112,39.7634271],[-74.1711224,39.7634754],[-74.171131,39.7635251],[-74.1711376,39.7635764],[-74.1711424,39.7636295],[-74.1711454,39.7636847],[-74.1711466,39.7637424],[-74.1711463,39.7637902],[-74.1711449,39.7638403],[-74.1711423,39.7638933],[-74.1711386,39.7639501],[-74.1711298,39.7640544],[-74.1711063,39.7642962],[-74.1711013,39.7643567],[-74.1710974,39.7644113],[-74.1710946,39.7644633],[-74.1710928,39.7645122],[-74.171092,39.764559],[-74.1710922,39.7646038],[-74.1710963,39.7648055],[-74.1711017,39.7650156],[-74.1711085,39.7652359],[-74.1711167,39.7654701],[-74.1711258,39.7657027],[-74.1711367,39.765961],[-74.1711729,39.7667635],[-74.1711968,39.7672784],[-74.1712215,39.7677748],[-74.1712469,39.7682557],[-74.1712733,39.7687232],[-74.1713007,39.7691794],[-74.1713293,39.7696252],[-74.171359,39.7700617],[-74.17139,39.7704896],[-74.1713935,39.7705308],[-74.1713978,39.7705728],[-74.1714031,39.7706158],[-74.1714092,39.7706597],[-74.1714163,39.7707048],[-74.1714243,39.770751],[-74.1714332,39.7707987],[-74.1714431,39.7708479],[-74.1714541,39.7708991],[-74.1714662,39.7709526],[-74.1714796,39.7710087],[-74.1714944,39.7710684],[-74.1715263,39.7711912],[-74.1715922,39.7714359],[-74.1716193,39.7715386],[-74.1716464,39.7716461],[-74.1716689,39.7717422],[-74.1716813,39.7717988],[-74.1716923,39.7718529],[-74.1717022,39.7719052],[-74.1717109,39.7719558],[-74.1717185,39.7720049],[-74.171725,39.7720528],[-74.1717304,39.7720995],[-74.1717348,39.772145],[-74.1717388,39.7722012],[-74.1717412,39.7722559],[-74.1717418,39.7723092],[-74.1717408,39.7723614],[-74.1717382,39.7724124],[-74.1717338,39.7724623],[-74.1717278,39.7725112],[-74.1717201,39.7725592],[-74.1717107,39.7726063],[-74.1716996,39.7726525],[-74.1716868,39.7726979],[-74.1716722,39.7727425],[-74.171656,39.7727863],[-74.1716379,39.7728293],[-74.1716182,39.7728716],[-74.1715966,39.7729132],[-74.1715863,39.7729331],[-74.1715755,39.772956],[-74.1715397,39.7730376],[-74.1715249,39.7730695],[-74.1715089,39.7731007],[-74.1715009,39.7731146],[-74.1714929,39.7731276],[-74.1714825,39.7731429],[-74.1714719,39.773157],[-74.1714609,39.7731701],[-74.1714495,39.7731821],[-74.1714376,39.7731932],[-74.1714252,39.7732034],[-74.1714123,39.7732126],[-74.1713988,39.773221],[-74.171384,39.773229],[-74.1713678,39.7732367],[-74.1713499,39.7732442],[-74.1713301,39.7732516],[-74.1713099,39.7732585],[-74.171287,39.7732657],[-74.1712135,39.7732871],[-74.1711927,39.773293],[-74.1711708,39.7732987],[-74.1711223,39.7733098],[-74.1710766,39.7733191],[-74.1709568,39.7733422],[-74.1708615,39.773361],[-74.1707632,39.7733793],[-74.1706617,39.7733973],[-74.1705564,39.773415],[-74.1704471,39.7734324],[-74.1703325,39.7734498],[-74.1702112,39.7734674],[-74.1700807,39.7734855],[-74.1700157,39.7734939],[-74.1699476,39.7735018],[-74.1698757,39.7735093],[-74.1697985,39.7735166],[-74.1696559,39.7735286],[-74.1693173,39.7735544],[-74.1692287,39.7735619],[-74.1691487,39.7735694],[-74.1690673,39.7735779],[-74.1689909,39.7735869],[-74.1689183,39.7735965],[-74.1688488,39.7736068],[-74.1687877,39.7736169],[-74.1687199,39.7736293],[-74.1686557,39.7736416],[-74.1685063,39.7736712],[-74.168434,39.7736849],[-74.1683687,39.7736964],[-74.1683091,39.7737059],[-74.1682529,39.773714],[-74.1681942,39.7737218],[-74.1681322,39.7737294],[-74.1680658,39.773737],[-74.1679363,39.7737506],[-74.1676609,39.7737776],[-74.1674148,39.7738016],[-74.167172,39.7738237],[-74.1669322,39.7738438],[-74.1668134,39.7738532],[-74.1666954,39.773862],[-74.166578,39.7738704],[-74.1664612,39.7738783],[-74.1663452,39.7738858],[-74.1662298,39.7738927],[-74.166115,39.7738992],[-74.1660008,39.7739052],[-74.1658873,39.7739108],[-74.1657743,39.7739158],[-74.1656467,39.7739211],[-74.1655267,39.7739256],[-74.1654124,39.7739294],[-74.1653028,39.7739325],[-74.1652032,39.7739346],[-74.1650995,39.7739357],[-74.1649912,39.7739358],[-74.1648765,39.7739349],[-74.1647558,39.7739331],[-74.1646224,39.7739303],[-74.1644824,39.7739268],[-74.1640888,39.7739158],[-74.1639671,39.773913],[-74.1638579,39.7739109],[-74.1637319,39.7739093],[-74.1636143,39.7739088],[-74.1635027,39.7739094],[-74.163396,39.773911],[-74.1631363,39.7739165],[-74.1629718,39.7739205],[-74.1628205,39.773925],[-74.1626834,39.77393],[-74.1625488,39.7739362],[-74.1624217,39.7739434],[-74.1623006,39.7739517],[-74.1621843,39.7739611],[-74.1621218,39.7739669],[-74.1620532,39.7739741],[-74.1619782,39.7739825],[-74.1617595,39.7740081],[-74.1616906,39.7740155],[-74.1616287,39.7740216],[-74.1614909,39.7740337],[-74.1613503,39.7740443],[-74.1612067,39.7740535],[-74.1610598,39.7740614],[-74.1609094,39.7740679],[-74.1607549,39.774073],[-74.1605958,39.7740769],[-74.1604313,39.7740795],[-74.1602702,39.7740808],[-74.1601024,39.7740809],[-74.1599262,39.7740799],[-74.1597391,39.7740778],[-74.1595526,39.7740748],[-74.1593457,39.7740707],[-74.1587095,39.7740556],[-74.1586138,39.774053],[-74.1585092,39.7740496],[-74.1583861,39.774045],[-74.1580079,39.77403],[-74.1578865,39.7740259],[-74.1577777,39.7740229],[-74.157645,39.7740203],[-74.1575062,39.7740187],[-74.15736,39.7740182],[-74.1572033,39.7740186],[-74.1570677,39.7740198],[-74.1569165,39.7740216],[-74.1564307,39.7740293],[-74.1562598,39.7740316],[-74.1560989,39.7740333],[-74.1559531,39.7740341],[-74.1558197,39.7740341],[-74.1556934,39.7740332],[-74.1555725,39.7740316],[-74.155456,39.7740291],[-74.1551754,39.774022],[-74.1549946,39.774017],[-74.154829,39.7740116],[-74.1546786,39.7740059],[-74.1545311,39.7739993],[-74.1543918,39.7739919],[-74.1542589,39.7739837],[-74.1541312,39.7739746],[-74.1540057,39.7739644],[-74.1538748,39.7739529],[-74.1537373,39.7739399],[-74.1535908,39.7739252],[-74.1534959,39.7739146],[-74.1533969,39.7739022],[-74.1532929,39.7738878],[-74.1531819,39.7738711],[-74.1530848,39.7738556],[-74.1529768,39.7738376],[-74.1526182,39.7737756],[-74.1524847,39.7737531],[-74.1523525,39.7737317],[-74.152233,39.7737137],[-74.1521692,39.7737048],[-74.1521075,39.7736966],[-74.1520476,39.7736891],[-74.1519893,39.7736823],[-74.1519322,39.7736762],[-74.1518763,39.7736708],[-74.1518215,39.773666],[-74.1517676,39.7736618],[-74.1516876,39.7736564],[-74.1516046,39.7736515],[-74.151518,39.773647],[-74.1514269,39.773643],[-74.1513325,39.7736393],[-74.1512303,39.773636],[-74.1509781,39.7736292],[-74.1506562,39.7736212],[-74.1505531,39.7736193],[-74.1504603,39.7736184],[-74.1503669,39.7736182],[-74.150279,39.7736191],[-74.1501954,39.7736209],[-74.1501153,39.7736237],[-74.1500197,39.7736286],[-74.1499203,39.7736352],[-74.1498162,39.7736436],[-74.149706,39.7736539],[-74.1495947,39.7736655],[-74.1494718,39.7736795],[-74.1493399,39.7736954],[-74.1491183,39.773723],[-74.149015,39.7737362],[-74.1489082,39.7737505],[-74.1487973,39.7737662],[-74.1486813,39.7737832],[-74.1485609,39.7738014],[-74.1484317,39.7738216],[-74.1482904,39.7738443],[-74.1481229,39.7738716],[-74.1479359,39.7739026],[-74.1477617,39.7739323],[-74.147597,39.7739611],[-74.1474397,39.7739895],[-74.1472879,39.7740178],[-74.1471415,39.774046],[-74.1469996,39.7740743],[-74.1468618,39.7741027],[-74.146711,39.7741351],[-74.1465557,39.7741698],[-74.1463948,39.774207],[-74.1462269,39.7742471],[-74.1460529,39.7742898],[-74.145867,39.7743365],[-74.145665,39.7743883],[-74.1454308,39.7744493],[-74.1453332,39.7744755],[-74.1452317,39.7745039],[-74.1451254,39.774535],[-74.1450123,39.7745691],[-74.1449111,39.7746005],[-74.1447988,39.774636],[-74.1444101,39.7747612],[-74.1442575,39.7748097],[-74.1441013,39.7748581],[-74.1440293,39.7748797],[-74.1439602,39.7749001],[-74.1438799,39.7749231],[-74.1438024,39.7749447],[-74.143727,39.7749649],[-74.1436535,39.7749839],[-74.1435816,39.7750017],[-74.143511,39.7750184],[-74.1434417,39.775034],[-74.1433734,39.7750486],[-74.1432474,39.7750743],[-74.1431307,39.7750973],[-74.1430203,39.7751182],[-74.1429149,39.7751371],[-74.1428129,39.7751545],[-74.1427143,39.7751702],[-74.1426186,39.7751844],[-74.1425253,39.7751972],[-74.1424648,39.7752048],[-74.1424034,39.7752121],[-74.1423411,39.775219],[-74.1422778,39.7752256],[-74.1422134,39.7752319],[-74.1421479,39.7752378],[-74.1420812,39.7752433],[-74.1420132,39.7752485],[-74.1418736,39.775258],[-74.1417274,39.7752663],[-74.141573,39.7752735],[-74.1414077,39.7752798],[-74.1412991,39.7752832],[-74.141198,39.7752857],[-74.1411024,39.7752875],[-74.1410111,39.7752886],[-74.1409229,39.7752889],[-74.1408377,39.7752885],[-74.1407551,39.7752873],[-74.1406747,39.7752854],[-74.1405647,39.7752815],[-74.1404468,39.7752757],[-74.1403186,39.7752681],[-74.1401696,39.775258],[-74.1400793,39.7752512],[-74.1399876,39.7752435],[-74.1398943,39.7752349],[-74.1397993,39.7752254],[-74.1397024,39.7752149],[-74.1396034,39.7752035],[-74.139502,39.7751911],[-74.1393978,39.7751777],[-74.1392934,39.7751636],[-74.1391854,39.7751484],[-74.1390731,39.775132],[-74.1389554,39.7751142],[-74.1388334,39.7750952],[-74.1387019,39.7750743],[-74.138382,39.7750219],[-74.1383135,39.7750101],[-74.1382376,39.7749959],[-74.1381617,39.7749811],[-74.1379606,39.7749408],[-74.1379006,39.7749292],[-74.1378466,39.7749193],[-74.1377851,39.7749086],[-74.1377274,39.7748993],[-74.1376725,39.7748913],[-74.1376198,39.7748846],[-74.1375558,39.7748772],[-74.137492,39.7748705],[-74.1374285,39.7748644],[-74.1373652,39.7748589],[-74.1373023,39.774854],[-74.1372397,39.7748497],[-74.1371775,39.774846],[-74.1371156,39.7748429],[-74.1370541,39.7748405],[-74.1369931,39.7748387],[-74.1369325,39.7748375],[-74.1368723,39.7748369],[-74.1368126,39.774837],[-74.1367534,39.7748377],[-74.1366946,39.7748389],[-74.1366364,39.7748408],[-74.1365753,39.7748437],[-74.1365114,39.7748477],[-74.1364444,39.7748529],[-74.1363729,39.7748594],[-74.1363051,39.7748663],[-74.1362295,39.7748745],[-74.1359527,39.7749068],[-74.1357236,39.7749336],[-74.1356184,39.7749465],[-74.1355177,39.7749593],[-74.1354203,39.7749721],[-74.1353261,39.774985],[-74.1352347,39.774998],[-74.1351458,39.7750111],[-74.1350583,39.7750246],[-74.1349728,39.7750383],[-74.1348891,39.7750523],[-74.1348072,39.7750665],[-74.1347268,39.7750811],[-74.1346479,39.775096],[-74.1345705,39.7751113],[-74.1344943,39.7751269],[-74.1344251,39.7751422],[-74.1343486,39.7751609],[-74.1342742,39.7751803],[-74.134086,39.7752308],[-74.1340319,39.7752447],[-74.1339831,39.7752567],[-74.1339286,39.7752692],[-74.1338774,39.7752801],[-74.1338285,39.7752894],[-74.1337813,39.7752972],[-74.133621,39.7753224],[-74.1335327,39.7753353],[-74.1334893,39.775341],[-74.1334486,39.7753458],[-74.1334099,39.7753498],[-74.1333728,39.7753531],[-74.1333346,39.7753558],[-74.1332977,39.7753577],[-74.133262,39.7753588],[-74.1332274,39.7753591],[-74.1331938,39.7753586],[-74.133161,39.7753573],[-74.1331291,39.7753552],[-74.1330979,39.7753522],[-74.1330581,39.7753472],[-74.1330169,39.7753408],[-74.132974,39.7753328],[-74.1329289,39.7753232],[-74.1328823,39.7753122],[-74.1328319,39.7752992],[-74.1327766,39.7752841],[-74.1327072,39.7752643],[-74.1326541,39.7752486],[-74.1326041,39.7752331],[-74.1325569,39.7752177],[-74.1325119,39.7752022],[-74.1324688,39.7751865],[-74.1324277,39.7751706],[-74.1323883,39.7751544],[-74.1323505,39.7751379],[-74.1322825,39.7751066],[-74.1322245,39.7750785],[-74.1321724,39.7750515],[-74.1321483,39.7750383],[-74.1321252,39.7750252],[-74.1321029,39.7750119],[-74.1320817,39.7749986],[-74.1320614,39.7749854],[-74.132042,39.7749721],[-74.1320235,39.7749588],[-74.132006,39.7749454],[-74.1319893,39.7749319],[-74.1319734,39.7749183],[-74.1319522,39.7748983],[-74.1319316,39.7748762],[-74.1319113,39.7748517],[-74.1318907,39.7748242]]]]}}
